player,current_elo,peak_elo
silentes_soldier,1493.132949,1493.132949
b4nny_scout,1489.491675,1530.950891
shade_medic,1458.746768,1471.965095
lansky_soldier,1445.960787,1445.960787
enrith_demo,1404.184443,1411.807174
kaidus_demo,1400.702485,1405.956354
blaze_soldier,1399.915946,1435.853886
botmode_scout,1396.712112,1405.999056
thalash_scout,1393.311863,1394.163295
bdonski_demo,1389.188225,1402.406552
clockwork_scout,1387.483236,1387.483236
kaptain_soldier,1385.308651,1390.50052
riot_soldier,1382.964798,1405.765513
b4nny_demo,1382.157567,1390.774142
logan_demo,1378.965711,1378.965711
laz_soldier,1376.559776,1402.36871
freestate_scout,1375.824692,1375.824692
seeds_medic,1370.268206,1390.919567
tlr_soldier,1369.069483,1433.262536
yight_scout,1368.323343,1381.96848
habib_demo,1366.730717,1394.969527
papi_soldier,1364.522565,1364.522565
ninjanick_medic,1363.472154,1370.606561
arekk_scout,1361.179512,1372.457752
nursey_medic,1360.936621,1360.936621
soooooapymeister_soldier,1358.827185,1358.827185
stark_scout,1357.860008,1381.926657
marmaloo_soldier,1357.818851,1357.818851
madness_scout,1356.303631,1356.303631
cooki_scout,1353.7749,1361.397631
mikeya_soldier,1351.495018,1357.21458
redcoatzygote_demo,1350.963656,1393.657478
aim_soldier,1348.780056,1379.876949
lolguy_medic,1348.522529,1348.522529
elmo_scout,1345.567477,1437.843894
svmzi_scout,1344.134545,1348.857962
hafficool_scout,1342.654219,1342.654219
thaigrr_scout,1339.568656,1360.953879
cyzer_scout,1337.853997,1397.725021
cap_scout,1337.355215,1340.83595
harbleu_soldier,1336.505128,1381.5655
feyn_soldier,1334.922835,1347.430115
ryb_demo,1329.701533,1339.195804
b4nny_soldier,1327.849591,1331.859543
adysky_soldier,1327.211366,1344.852685
drackk_soldier,1326.847122,1328.504733
phorofor_medic,1326.475615,1359.936297
zilly_medic,1325.1668,1325.1668
counou_scout,1323.749659,1323.749659
credu_scout,1323.272501,1341.407014
rando_soldier,1322.956834,1329.647373
domo_demo,1322.149713,1322.149713
decimate_scout,1321.908,1336.225506
sighguy_soldier,1320.306098,1329.129591
zebbosai_soldier,1320.257323,1336.440001
alle_demo,1320.251253,1347.361221
iatgink_soldier,1319.894272,1319.894272
meyy_medic,1318.07365,1344.940534
mirelin_medic,1316.30933,1316.30933
kobe1920_soldier,1315.210104,1315.210104
ma3laa_soldier,1314.782827,1342.53421
josh_soldier,1314.455912,1336.540561
haunts_soldier,1314.346844,1314.346844
slemnish_scout,1314.266787,1421.588801
gear_soldier,1313.691497,1313.691497
geoh_soldier,1313.498516,1313.498516
arnold_medic,1312.251531,1318.478562
mackey_soldier,1310.340007,1319.512128
raymon_medic,1308.435809,1309.287241
indust_medic,1305.939477,1343.955851
botmode_soldier,1305.481437,1307.792951
bash_scout,1305.307723,1351.230153
susurrus_scout,1305.200244,1305.200244
highfive_scout,1304.792056,1333.267295
june_medic,1302.064064,1302.064064
botmode_demo,1301.961343,1305.19827
herr_p_scout,1301.620346,1325.232302
lau_medic,1301.350972,1310.756838
hayes_soldier,1300.565004,1300.565004
lukas_demo,1298.200838,1302.145983
enoryt_soldier,1298.090592,1314.913563
elmo_soldier,1297.654978,1310.162258
skeez_medic,1297.042119,1326.799813
doge.exe_medic,1295.867418,1302.200014
tri_soldier,1294.594578,1311.175524
spudd_demo,1293.169122,1303.200802
ywl_soldier,1292.118206,1318.202085
paddie_soldier,1289.454955,1312.379499
knoxxx_medic,1289.436184,1300.787855
tek_soldier,1288.739194,1307.899327
toemas_scout,1286.784402,1286.784402
yosh_scout,1284.759259,1339.359246
blackymonster_medic,1284.686075,1298.533833
vhalin_scout,1283.35797,1283.35797
kalkin_demo,1283.35797,1283.35797
ams_soldier,1282.848131,1306.502261
xalox_demo,1282.506054,1290.391076
aporia_soldier,1281.687893,1291.153974
sighguy_demo,1281.042845,1305.535641
piggles_medic,1280.508794,1291.334043
duwatna_demo,1280.461185,1299.684029
balder_scout,1280.403794,1280.403794
geoh_scout,1280.046934,1314.505622
ash_soldier,1279.839354,1293.424169
jayhyunpae_soldier,1279.577354,1323.323268
jayhyunpae_scout,1279.117156,1289.221235
yeehaw_scout,1279.019774,1279.503707
tay_demo,1278.820567,1285.153162
garbuglio_soldier,1277.959144,1309.371447
numlocked_demo,1277.867313,1293.913827
brutalix_medic,1277.742501,1277.742501
zaka_soldier,1277.499399,1304.064141
oov_scout,1277.204105,1306.940995
nubbi_soldier,1276.497962,1298.582611
branslam_scout,1276.084968,1280.793624
rekuso_scout,1275.855308,1276.803125
kbk_medic,1275.038641,1284.469527
fancy_demo,1274.650897,1274.650897
gazy_scout,1274.412807,1306.886148
knoxxx_soldier,1274.10517,1274.10517
deft_demo,1273.976442,1304.304862
schocky_scout,1273.871417,1295.224978
condom_medic,1273.747913,1300.399254
oplaid_scout,1273.597983,1288.761606
cb_medic,1273.34062,1276.27764
termo_demo,1273.280856,1282.746938
ruwin_scout,1272.73559,1296.173526
dank_medic,1272.027339,1272.975156
yuki_soldier,1271.485058,1285.702533
bonobo_medic,1271.485058,1285.702533
dave__ac_soldier,1271.108556,1283.35797
mason_medic,1271.044442,1271.044442
paulsen_demo,1270.437036,1302.836623
bear_medic,1269.50313,1335.352924
mesr_medic,1269.367351,1282.781534
boomer_soldier,1269.111905,1273.795713
raptor_medic,1269.005243,1285.81772
silvo_scout,1268.929653,1278.335519
f2_medic,1268.104678,1274.881432
inso_scout,1267.905954,1267.905954
rising_soldier,1267.816141,1298.032032
astt_scout,1267.572659,1273.292221
kos_medic,1267.572659,1273.292221
johno_medic,1267.048687,1267.048687
mangachu_soldier,1267.01701,1270.312782
mesr_scout,1266.8067,1273.673763
cukei_scout,1266.745257,1281.08372
scizor_scout,1266.744303,1283.464214
sheep_scout,1266.390659,1285.702533
chris_soldier,1266.277208,1276.220609
poison_soldier,1266.260253,1277.126653
funs_scout,1266.240665,1299.697923
izon_scout,1266.109166,1272.057996
shrugger_scout,1265.693635,1325.146213
yomps_scout,1265.549357,1316.87694
corsa_scout,1265.351467,1279.048079
nas boii_demo,1264.952685,1299.513721
hugo_soldier,1263.62773,1272.530798
squid_scout,1263.434673,1300.080461
kev777_soldier,1262.324759,1270.462131
samburgerr_demo,1262.324759,1270.462131
flippy_scout,1261.897089,1281.057222
yomps_soldier,1260.927796,1260.927796
permzilla_medic,1260.160578,1260.160578
cookye_scout,1259.904483,1268.630767
enigma_scout,1259.2986,1354.353723
springer_scout,1259.131279,1259.131279
daz_demo,1259.115676,1262.378252
toemas__scout,1259.115643,1259.115643
zen_soldier,1258.905361,1264.854192
aishou_scout,1258.616994,1287.265158
hhhwrd_medic,1258.460726,1275.526276
ww_soldier,1258.153852,1304.325874
platinum_demo,1257.798914,1304.111537
dd5f_soldier,1257.432591,1257.432591
thefragile_medic,1257.271604,1317.248965
bybben_scout,1257.230648,1265.956932
mulaa_medic,1256.446524,1281.110112
cin_soldier,1256.345456,1263.932096
ams_scout,1256.245323,1272.428001
relic_soldier,1255.92476,1308.723284
smaka_demo,1255.908353,1301.479001
carnage_scout,1255.826854,1291.5306
grape_soldier,1255.77805,1263.663072
v4na_scout,1255.197797,1269.470867
down_soldier,1254.991027,1264.396894
yz50_scout,1254.862678,1287.744507
muuki_soldier,1254.769106,1273.517763
ombrack_medic,1252.906743,1278.172248
dogroll_demo,1252.531956,1265.039236
sole_soldier,1252.166104,1256.56569
delpo_demo,1251.677833,1284.017396
elacour_demo,1251.607316,1261.425944
hertz_soldier,1251.201433,1277.454196
mr.epic_scout,1251.009864,1271.192875
zambz_demo,1250.743317,1280.174321
rky_soldier,1250.309132,1267.005069
scratchh_scout,1250.29816,1269.214093
marten_medic,1249.929731,1256.748668
chunkey-_demo,1249.926928,1250.538838
catface_scout,1249.692783,1256.117134
eemes_demo,1249.485022,1249.485022
connor_medic,1249.344243,1267.352832
morale_scout,1249.238243,1271.322893
kiler4funn_scout,1249.173731,1286.192278
animeman_scout,1248.493103,1248.493103
dave_medic,1248.330391,1257.861149
pr1med_soldier,1248.120464,1248.120464
adysky_demo,1247.829856,1255.310132
bulle_medic,1247.779319,1266.939451
yewl_soldier,1247.64857,1260.386158
saam_scout,1247.537516,1278.236478
maros_scout,1247.412921,1274.646963
nevo_scout,1247.205676,1274.199804
ixy_scout,1246.921153,1246.921153
extremer_scout,1246.554291,1246.554291
f2_scout,1246.554291,1246.554291
shintaz_soldier,1246.554291,1246.554291
jh_soldier,1246.554291,1246.554291
dwo69_soldier,1246.522324,1249.274586
klassy_scout,1246.463007,1275.476715
cozen_medic,1246.42219,1314.963344
teejay_scout,1246.212881,1276.816227
dr.phil_demo,1245.823835,1259.08428
jaeger_soldier,1245.669041,1302.332439
froot_soldier,1245.653379,1262.245326
bulk_demo,1245.608372,1248.678594
hertz_scout,1245.600238,1249.977031
paddie_medic,1245.585724,1257.083928
warhuryeah_demo,1245.491245,1289.940202
jukebox_soldier,1245.235654,1253.961938
ipzie_soldier,1245.08497,1245.08497
robor_scout,1245.054056,1253.169787
omni_soldier,1245.023096,1245.023096
conor_soldier,1244.819691,1252.442423
scruff_scout,1244.680569,1258.760118
alfa_medic,1244.62932,1252.396134
lock_soldier,1244.418322,1255.585089
tagg_soldier,1244.192447,1292.68355
krypt_soldier,1243.603105,1244.550922
highfive_soldier,1243.315055,1250.66164
mo0se_scout,1243.299424,1267.405598
cookiejake_medic,1243.144898,1283.367911
sam._scout,1242.802811,1275.988127
syckness_scout,1242.735622,1270.429239
doge_demo,1242.702514,1251.688085
sneis_demo,1242.569588,1242.569588
sole_medic,1242.378723,1242.378723
exon_demo,1242.29533,1248.585459
paulsen_scout,1242.252377,1252.387322
reptile_soldier,1241.983732,1267.132468
dabes_scout,1241.975235,1244.719523
byte_medic,1241.822126,1246.965489
captainhax_soldier,1241.807274,1241.807274
snh_soldier,1241.484158,1248.964434
yewl_demo,1241.479944,1252.68414
down_scout,1241.473192,1266.866303
kn_soldier,1241.234909,1262.58847
skinnie_soldier,1241.099243,1262.994982
zerox_demo,1241.099243,1262.994982
haunter_medic,1241.099243,1262.994982
sen_scout,1240.808331,1253.923225
saxophone_soldier,1240.463228,1240.463228
gungon_scout,1240.371756,1240.371756
deli69_demo,1239.928223,1270.301696
hocz_soldier,1239.91142,1247.416928
fl1p_scout,1239.821766,1256.446137
takeyon_scout,1239.654482,1239.654482
grapejuice_soldier,1239.584234,1270.462131
flick_scout,1239.113673,1268.544677
heebs_soldier,1238.898853,1242.121195
artist_soldier,1238.630147,1252.214962
tripbwai_soldier,1237.869215,1262.098816
lams_scout,1237.750087,1237.750087
lock_medic,1237.698687,1259.096049
rohan_scout,1237.537695,1237.537695
dauq_soldier,1237.537695,1237.537695
hungry_soldier,1237.537695,1237.537695
shintaz_scout,1237.352447,1244.129201
extremer_demo,1237.352447,1244.129201
starkie_soldier,1237.287215,1237.287215
greg_scout,1237.25767,1255.496376
chingoo_scout,1237.244978,1237.244978
insom_demo,1237.244978,1237.244978
jarrett_demo,1236.98774,1308.724069
moop_demo,1236.728568,1253.436004
demos_medic,1236.37912,1253.18679
ash_scout,1236.357851,1236.357851
lardox_soldier,1236.354759,1236.354759
sorex_scout,1236.350079,1264.094688
omar_scout,1236.332471,1249.468368
conor_scout,1236.214365,1237.628344
seph_soldier,1236.197195,1236.197195
hawk_medic,1236.197195,1236.197195
orzo_demo,1236.189654,1249.045116
scarfs_scout,1235.998886,1276.254802
krollic_scout,1235.942038,1252.850675
loopy_scout,1235.671883,1241.228562
sakura_medic,1235.650616,1235.650616
moop_soldier,1235.575889,1238.798232
kai_demo,1235.575889,1238.798232
raze_medic,1235.575889,1238.798232
trum_medic,1235.571982,1235.571982
abomination_scout,1235.5632,1235.5632
te0k_soldier,1235.5632,1235.5632
masiina_soldier,1235.5632,1235.5632
mick_medic,1235.5632,1235.5632
stark_soldier,1235.540349,1239.683438
caseey_medic,1235.073188,1261.037966
hero_scout,1234.754983,1251.335929
alfa_scout,1234.372879,1271.853558
ohai_scout,1234.323843,1241.83478
ry4n_soldier,1234.112202,1258.77579
adamracek_demo,1233.960139,1236.69582
appe_soldier,1233.765141,1240.798492
uubers_soldier,1233.743704,1253.926715
shamoo_scout,1233.244821,1268.434862
yight_demo,1233.103777,1248.354982
knuck_scout,1233.017276,1266.691953
playmo_scout,1232.912891,1232.912891
goku_soldier,1232.912891,1232.912891
taggerung_soldier,1232.708061,1245.843958
mirimu_medic,1232.625428,1232.625428
crayon_soldier,1232.513516,1236.314788
sean_medic,1232.499555,1283.407633
raphaim_scout,1232.252203,1232.252203
menex_scout,1232.235294,1236.180439
sweater_demo,1232.069754,1239.969015
lexx_soldier,1231.992597,1238.325192
raze_scout,1231.973321,1248.881958
zaka_medic,1231.797313,1234.791765
zebbosai_medic,1231.743582,1235.886671
sage_scout,1231.719548,1248.866003
vand_scout,1231.673456,1236.357264
voll_soldier,1231.673456,1236.357264
vani_medic,1231.596495,1254.473336
paulsen_soldier,1231.55741,1246.807191
#NAME?,1231.465743,1256.614478
andrew_scout,1231.408719,1237.741315
caps_scout,1231.25045,1231.25045
coinz_soldier,1231.216836,1231.216836
juxta_scout,1231.147875,1239.294638
byte_scout,1231.099243,1252.994982
mercyless_soldier,1231.068887,1252.319417
animeman_medic,1230.774997,1230.774997
randa_demo,1230.752231,1237.948936
mak_medic,1230.73522,1234.680365
auto_medic,1230.595787,1230.595787
alexwut_demo,1230.575731,1246.829749
max_scout,1230.51333,1274.722444
train_medic,1230.424226,1235.108034
tay_soldier,1230.298589,1264.624975
lau_scout,1230.264037,1239.794795
sandblast_scout,1229.520873,1251.271463
mikazn_soldier,1229.289005,1234.012422
jay_scout,1228.940905,1236.783639
hubida_medic,1228.879007,1228.879007
voxtec_scout,1228.870716,1250.224277
azn_scout,1228.833964,1228.833964
deadbolt_scout,1228.68174,1240.490786
qnx_soldier,1228.43781,1228.918567
hildreth_demo,1228.319615,1261.842939
doge_medic,1228.241549,1241.468849
ever_x_soldier,1228.128226,1232.37582
yerb_scout,1227.974171,1234.80665
gaston_scout,1227.939188,1227.939188
saber07_scout,1227.939188,1227.939188
zen_scout,1227.29841,1237.493948
hymzi_scout,1227.271097,1234.776606
meff_demo,1227.076395,1235.950378
daffodil_medic,1226.796012,1246.753029
shy_medic,1226.757209,1230.594746
aph_scout,1226.743164,1230.706092
rr_soldier,1226.586706,1240.686125
susu_scout,1226.371782,1226.371782
hef_demo,1226.371782,1226.371782
ronny_scout,1226.230166,1236.494966
thy_soldier,1226.230166,1236.494966
havok_demo,1226.230166,1236.494966
marco_medic,1226.230166,1236.494966
aliensmiley_demo,1226.068183,1248.859455
caps_soldier,1225.812059,1230.95392
faithless_scout,1225.761618,1231.001813
mirrorman_soldier,1225.621411,1243.961786
spj_scout,1225.570788,1234.450167
zam_scout,1225.563803,1231.694941
jiho_soldier,1225.512868,1237.67172
b25_soldier,1225.512868,1237.67172
solidsnake_demo,1225.430948,1282.094346
artist_demo,1225.392242,1251.201177
marmadukegrylls_soldier,1225.076923,1258.662358
hungry_scout,1225.023512,1239.724288
dunc_medic,1224.624188,1236.078423
ohno_medic,1224.351985,1224.351985
shadowburn_soldier,1224.331195,1226.83375
kaper_scout,1224.173399,1229.209888
jayhyunpae_demo,1224.086931,1224.086931
platinum_soldier,1224.041386,1253.196542
mustardoverlord_demo,1224.006847,1224.006847
phantom_medic,1224.006847,1224.006847
purpleshirt_soldier,1223.915519,1223.915519
desca_demo,1223.915519,1223.915519
seraph_scout,1223.866612,1238.567388
atten_medic,1223.866612,1238.567388
cubby_medic,1223.646209,1223.646209
jh_scout,1223.588028,1223.588028
sin k4rma_demo,1223.14366,1236.567886
yui_scout,1223.056731,1247.278467
agron_scout,1223.049924,1223.049924
masiina_scout,1223.049924,1223.049924
mick_soldier,1223.049924,1223.049924
bybben_demo,1223.049924,1223.049924
ryb_medic,1223.049924,1223.049924
snowblind_scout,1222.994515,1237.368062
yuki_scout,1222.927794,1240.089361
ben_scout,1222.918325,1239.598817
exile_scout,1222.903104,1231.040476
evilmrmuffinz_scout,1222.82866,1226.950443
techdude_soldier,1222.685427,1239.653748
rick_demo,1222.685427,1239.653748
trekkie_medic,1222.685427,1239.653748
kure_scout,1222.461867,1230.304601
retsh0ck_demo,1222.451132,1230.198944
paddie_scout,1222.44654,1277.990109
dr.phil_soldier,1222.42611,1232.621648
yumyum_scout,1222.384291,1230.573609
a_seagull_demo,1222.327981,1225.07227
smaka_medic,1222.327981,1225.07227
electraheart_soldier,1222.309132,1223.431803
crasian_medic,1222.309132,1223.431803
zoey_scout,1222.297927,1228.887719
mop_scout,1222.292136,1226.776104
muma_demo,1222.104946,1271.787224
patchouli_medic,1222.008511,1230.155274
zebbosai_scout,1222.006427,1227.951905
wils_medic,1221.963524,1222.926448
xaler_demo,1221.849939,1255.519289
tek_scout,1221.773124,1221.773124
diabalxen_medic,1221.773124,1221.773124
shock_medic,1221.418169,1224.315226
conor_medic,1221.402163,1233.909443
scotch_soldier,1221.028681,1228.539618
cbear_soldier,1220.95213,1243.443619
adolo_demo,1220.536535,1235.237311
krollic_soldier,1220.471769,1245.645482
rocketsurgeon_soldier,1220.451954,1249.741368
shappie_demo,1220.258257,1237.739646
hys_demo,1220.18003,1228.394873
plapla_scout,1220.034149,1228.132925
k3_medic,1220.034149,1228.132925
minzy_scout,1220,1220
ronz_soldier,1219.903595,1246.897723
ywl_demo,1219.882406,1231.049173
starkie_medic,1219.817716,1237.827232
zheep_medic,1219.787151,1235.999309
kapoww_scout,1219.46238,1227.361641
boink_soldier,1219.46238,1227.361641
arcticjoe_scout,1219.377902,1256.02369
pot8o_scout,1219.372726,1241.639575
murje_soldier,1219.268398,1220.832842
jmh_scout,1219.260891,1219.260891
faithless_demo,1219.260891,1219.260891
soup_demo,1219.234132,1265.406154
cuby_scout,1219.13296,1249.506433
j_peg_scout,1219.128116,1219.128116
tonyb_soldier,1219.128116,1219.128116
antoni_soldier,1219.128116,1219.128116
jude_medic,1219.128116,1219.128116
zclipse_scout,1219.061017,1219.061017
chompa_scout,1219.061017,1219.061017
38special_demo,1219.061017,1219.061017
ceekay_scout,1219.037694,1227.911677
iaan_soldier,1218.881548,1218.881548
jordy_soldier,1218.822427,1222.767572
huhy_demo,1218.73004,1224.924778
evilmrmuffinz_soldier,1218.40436,1230.010232
campy_demo,1218.40436,1230.010232
mak_demo,1218.398949,1261.261714
justin_demo,1218.358342,1240.982873
nicky_scout,1218.332278,1225.812555
glufse_scout,1218.218118,1231.283273
hymzi_demo,1218.218118,1231.283273
jayytee_scout,1218.188425,1218.188425
sezco_scout,1218.077153,1258.367916
memphisvon_soldier,1217.977873,1245.723537
jiho_scout,1217.773725,1230.230234
gooseman_demo,1217.773725,1230.230234
rhk_medic,1217.773725,1230.230234
wonder._scout,1217.505707,1231.843609
rebeli_scout,1217.489533,1224.995041
leth_soldier,1217.478283,1232.978475
jaybenabuchi_soldier,1217.464496,1217.464496
john_milter_scout,1217.400002,1217.54675
goku_scout,1217.400002,1217.54675
fuuzi0n_soldier,1217.400002,1217.54675
serv0_soldier,1217.400002,1217.54675
shrt_demo,1217.400002,1217.54675
m\xc3\xa9dico_soldier,1217.294232,1233.918602
speedy_medic,1217.192975,1229.943962
jeven_soldier,1217.175209,1222.211697
jav_scout,1217.168152,1230.126398
stratovarius_scout,1217.168152,1230.126398
ss_soldier,1217.168152,1230.126398
wirelessfox_medic,1217.168152,1230.126398
dun_scout,1216.939722,1230.78748
dnt_soldier,1216.939722,1230.78748
powah_demo,1216.939722,1230.78748
anonemouse_scout,1216.713646,1239.653748
stock_demo,1216.676636,1234.456171
zappis_soldier,1216.624906,1222.570385
knutsson_medic,1216.624906,1222.570385
fwishy_scout,1216.511379,1224.424506
andyroo_soldier,1216.503116,1216.503116
rohan_soldier,1216.487882,1216.487882
mikcow_medic,1216.47318,1216.47318
kjkuod_soldier,1216.414393,1216.414393
kylorfo_soldier,1216.414393,1216.414393
jersh_medic,1216.407281,1225.873363
pause_soldier,1216.376416,1250.646777
chunkey_demo,1216.349527,1217.600944
fr0z0n3_scout,1216.303162,1222.615527
arnold_soldier,1216.303162,1222.615527
silvodox_medic,1216.303162,1222.615527
dmoule_soldier,1216.264822,1250.561976
hank_scout,1216.227298,1231.572515
raf_soldier,1216.214617,1224.361379
homer_soldier,1216.080983,1227.373344
dwo_soldier,1215.897099,1224.043861
sideshow_soldier,1215.80391,1219.171173
phlps_scout,1215.802997,1273.923649
hsr_soldier,1215.669198,1224.424506
ggglygy_scout,1215.64395,1270.014327
hymzi_soldier,1215.615263,1235.624075
spade_soldier,1215.597069,1248.881958
pauldogg_soldier,1215.437637,1216.385454
sneis_soldier,1215.299489,1215.299489
yppy_scout,1215.260362,1226.925611
dr.phil_medic,1215.260362,1226.925611
micolash_scout,1215.25508,1223.219401
dreams_soldier,1215.25508,1223.219401
mae_demo,1215.169971,1270.71354
cube_medic,1215.078152,1242.569588
fishyard_scout,1214.884332,1214.884332
traitor_scout,1214.884332,1214.884332
harry_soldier,1214.884332,1214.884332
z\xc3\xa9frosty_soldier,1214.884332,1214.884332
bred_demo,1214.884332,1214.884332
equal_medic,1214.884332,1214.884332
shampain_medic,1214.774666,1220.404936
zappis_scout,1214.551149,1221.822569
shifta_soldier,1214.375388,1231.082824
cheesymacgyver_scout,1214.361391,1230.573549
donjuan_scout,1214.325928,1218.463952
electraheart_scout,1214.290276,1217.380112
rive_scout,1214.290276,1217.380112
t._soldier,1214.290276,1217.380112
mojo_demo,1214.290276,1217.380112
race_ac_medic,1214.290276,1217.380112
brujman_soldier,1214.19086,1241.184988
eps_soldier,1214.112278,1214.112278
azn_medic,1213.737975,1242.215382
essence_scout,1213.687535,1218.171503
banana_soldier,1213.687535,1218.171503
razed_soldier,1213.687535,1218.171503
vanquish_demo,1213.687535,1218.171503
down_medic,1213.687535,1218.171503
weeble_scout,1213.647044,1226.782941
stultus_medic,1213.647044,1226.782941
benjay_soldier,1213.553887,1222.427869
blade_scout,1213.530444,1230.154815
namtac_demo,1213.530444,1230.154815
minimoose_soldier,1213.510935,1221.258747
gort_scout,1213.468628,1225.064879
ransibling_soldier,1213.468628,1225.064879
dramz_medic,1213.468628,1225.064879
knutsson_soldier,1213.392443,1220.971773
toast_scout,1213.333138,1214.376037
hocz_scout,1213.332011,1224.324692
paavi_demo,1213.332011,1224.324692
vallone_medic,1213.332011,1224.324692
dave ac_soldier,1213.231122,1226.754174
harbleu_demo,1213.231122,1226.754174
juxta_medic,1213.207203,1238.186176
theos_medic,1213.136856,1230.618245
speedy_soldier,1212.971529,1245.378982
fuo_demo,1212.908211,1220.971773
kritzonite_medic,1212.908211,1220.971773
klassy_medic,1212.821506,1212.821506
atomic-_soldier,1212.817204,1218.166249
susurrus_soldier,1212.710854,1222.241612
punpu_scout,1212.640323,1232.649134
kyynel_demo,1212.640323,1232.649134
mafu_medic,1212.640323,1232.649134
clean buddy_scout,1212.292296,1212.592184
pissy_soldier,1212.292296,1212.592184
walrex_medic,1212.292296,1212.592184
snow_scout,1212.206398,1220.979756
explode_medic,1212.206398,1220.979756
det_demo,1212.128321,1224.778461
bl0ke_scout,1211.978786,1220.881854
slugmundo_soldier,1211.957686,1252.213602
gink_soldier,1211.939285,1217.655762
nyxi_scout,1211.939152,1224.778461
durc_demo,1211.912246,1220.833219
mattcv_scout,1211.818223,1216.837884
m?x_soldier,1211.818223,1216.837884
mici_medic,1211.818223,1216.837884
grape juice_soldier,1211.775187,1228.024786
.pandemic_scout,1211.690619,1236.354207
slesh_soldier,1211.660938,1212.132916
deli_demo,1211.660938,1212.132916
tony_olsen_scout,1211.559778,1234.80665
hunter 2.0_soldier,1211.559778,1234.80665
cleanbuddy_soldier,1211.559778,1234.80665
bumbo_demo,1211.559778,1234.80665
cbear_scout,1211.340408,1235.662348
ducky_soldier,1211.340408,1235.662348
groove_scout,1211.23088,1222.852569
heyy_medic,1211.193948,1222.486309
flisko_soldier,1211.180046,1225.563628
grape_scout,1211.166528,1222.885089
stevechen_soldier,1211.166528,1222.885089
milehighmilitia_soldier,1211.166528,1222.885089
marquis_scout,1211.102567,1211.102567
destro_demo,1211.05893,1223.807082
phnx_scout,1210.899153,1233.849299
lock_scout,1210.798338,1223.417768
bane_soldier,1210.798338,1223.417768
snap_medic,1210.715217,1217.748568
vani_soldier,1210.594201,1218.154612
divine_medic,1210.545355,1223.003238
baud_soldier,1210.487708,1214.300564
gotaki_scout,1210.472519,1221.764879
tojo_soldier,1210.458428,1238.71813
spudd_soldier,1210.457333,1217.792762
krafty_scout,1210.437117,1230.620128
buup_scout,1210.357071,1210.357071
cookye_soldier,1210.357071,1210.357071
aim_scout,1210.316797,1222.074242
safrix_soldier,1210.316797,1222.074242
jack_soldier,1210.315708,1219.195087
sushi_soldier,1210.287744,1210.287744
iven_medic,1210.18565,1224.45872
atomic-_scout,1210.184463,1217.532919
vaati_demo,1210.108416,1215.524772
blaze_scout,1210.041594,1233.632935
death_demo,1210.000709,1219.529769
miskyworks_scout,1210,1210
z3ph_scout,1210,1210
haze_soldier,1210,1210
holly_soldier,1210,1210
fetus_demo,1210,1210
shaman_medic,1210,1210
a_seagull_soldier,1209.941262,1247.828493
trsiten_soldier,1209.935119,1210
golden_soldier,1209.935119,1210
georgi_demo,1209.935119,1210
numlocked_soldier,1209.882407,1231.778146
flushy_medic,1209.857447,1218.166249
shootist_soldier,1209.79386,1209.79386
ruwin_medic,1209.754508,1233.744178
yohn_demo,1209.668322,1239.734175
dunc_scout,1209.650172,1220
haza_scout,1209.650172,1220
skre_soldier,1209.650172,1220
snap_soldier,1209.650172,1220
sommie_demo,1209.650172,1220
clem_scout,1209.627224,1215.870127
bosskquish_scout,1209.546999,1209.546999
wulonggoth_soldier,1209.546999,1209.546999
squonk_medic,1209.546999,1209.546999
broking_soldier,1209.518447,1221.016652
alex.exe_demo,1209.462371,1241.911594
hubris_soldier,1209.436254,1217.840896
jambo_scout,1209.338173,1222.403328
moose_soldier,1209.338173,1222.403328
whiteglow_medic,1209.292321,1209.292321
shade_demo,1209.150742,1224.59412
subtitled_scout,1209.04804,1209.04804
logan_scout,1208.996848,1218.283792
kactuswactus_soldier,1208.996848,1218.283792
cap_demo,1208.996848,1218.283792
exfane_soldier,1208.960975,1208.960975
drle?nn_soldier,1208.960975,1208.960975
stefan_scout,1208.955644,1208.955644
harryhook_scout,1208.940197,1216.358455
pescanova_soldier,1208.940197,1216.358455
matnun_soldier,1208.940197,1216.358455
royze_medic,1208.940197,1216.358455
cherry_scout,1208.853767,1208.853767
t-mac_soldier,1208.802093,1235.896773
brotein_medic,1208.76805,1213.969635
aim-_soldier,1208.686973,1231.107273
goldfish__soldier,1208.686973,1231.107273
avast_demo,1208.686973,1231.107273
aimer_scout,1208.658636,1216.575208
claps_scout,1208.658636,1216.575208
manacute_soldier,1208.658636,1216.575208
speedy_scout,1208.576395,1215.000747
ender_scout,1208.379939,1233.632935
xbs_medic,1208.33152,1208.33152
sw3ny_soldier,1208.275898,1223.278033
tendon_medic,1208.275898,1223.278033
harbleu_medic,1208.031256,1296.839824
ollie_scout,1207.960113,1209.732173
yoot_soldier,1207.960113,1209.732173
blanc_demo,1207.960113,1209.732173
doug_medic,1207.960113,1209.732173
ondkaja_soldier,1207.816476,1226.95053
bo4r_scout,1207.778409,1229.270533
antwa_scout,1207.706564,1219.824826
kermit_demo,1207.675262,1220.811159
virgil_medic,1207.668078,1213.035053
lanzer_demo,1207.576513,1207.576513
kori_scout,1207.576055,1208.110678
punpu_soldier,1207.496087,1231.283273
kyynel_medic,1207.496087,1231.283273
frickmynick_scout,1207.491729,1225.268491
forsak3n_scout,1207.483037,1214.414256
osvaldo_scout,1207.476446,1212.490437
agen_soldier,1207.476446,1212.490437
scream_scout,1207.398015,1224.417858
tony olsen_scout,1207.390113,1210.960636
clean buddy_soldier,1207.390113,1210.960636
alan_demo,1207.390113,1210.960636
paladin_soldier,1207.312744,1236.602158
silvo_soldier,1207.233338,1207.233338
bluee_medic,1207.177335,1213.804344
alfie_soldier,1207.17284,1228.579817
wildpiggie_scout,1207.16951,1212.47417
shades_soldier,1207.16951,1212.47417
tavi_demo,1207.16951,1212.47417
rolling_soldier,1207.15409,1212.140344
mitsy_soldier,1207.146436,1207.146436
alfa_soldier,1207.128999,1221.271646
cringe_scout,1207.122442,1215.884636
sureshot_scout,1207.122442,1215.884636
fabri_soldier,1207.122442,1215.884636
quickiebomb_soldier,1207.122442,1215.884636
daishikiller_demo,1207.122442,1215.884636
recyclops_medic,1207.122442,1215.884636
lexx_demo,1207.011511,1215.555787
dummy_demo,1206.996474,1257.510489
iven_scout,1206.982394,1206.982394
silvodox_scout,1206.982394,1206.982394
essence_soldier,1206.982394,1206.982394
quest_demo,1206.982394,1206.982394
mack_medic,1206.982394,1206.982394
lev_scout,1206.940883,1207.805572
jimmy_medic,1206.763731,1242.552151
hallow_scout,1206.507378,1212.905022
walker_soldier,1206.507378,1212.905022
ramagan_medic,1206.507378,1212.905022
amarok_soldier,1206.478557,1220.97222
feeling_soldier,1206.468703,1209.204384
harbleu_scout,1206.403423,1212.305036
dingo_medic,1206.27246,1212.747169
ghos7ayama_soldier,1206.202549,1221.694639
doggles_soldier,1206.202549,1221.694639
turris_demo,1206.131697,1214.582469
amppis_scout,1206.122527,1227.000886
glastry_soldier,1206.116458,1212.35936
rr_demo,1206.034078,1235.681943
nosferatu_medic,1206.034078,1235.681943
perfection_scout,1205.839392,1209.225979
shining star_scout,1205.80175,1211.596691
toss_soldier,1205.80175,1211.596691
kura_beast_demo,1205.80175,1211.596691
cadius_scout,1205.764536,1205.764536
sole_scout,1205.764536,1205.764536
logik_soldier,1205.764536,1205.764536
forsak3n_soldier,1205.735049,1208.972361
paragon_scout,1205.733222,1248.3191
unhuman_scout,1205.712288,1205.712288
sjoeberg_scout,1205.656661,1216.300402
grenjabob_scout,1205.616415,1228.183162
pez_demo,1205.608464,1215.663368
shupa_soldier,1205.48687,1217.817594
mudbone_scout,1205.483807,1211.351326
gator_soldier,1205.483807,1211.351326
decap_demo,1205.483807,1211.351326
bradasparky_medic,1205.453757,1205.453757
deft_medic,1205.168738,1216.372934
sheepy_scout,1205.123534,1236.625287
keller_medic,1204.983268,1224.424506
krafty_soldier,1204.921497,1208.999968
hamaham_scout,1204.8989,1225.445595
hannes_scout,1204.8989,1225.445595
30.06_soldier,1204.8989,1225.445595
kev_soldier,1204.856405,1216.124282
pete_scout,1204.808275,1240.481162
dogroll_scout,1204.775534,1207.997877
nukkye_scout,1204.745975,1235.886671
azunis_soldier,1204.744971,1252.52859
kev_scout,1204.74288,1237.90173
zafus_scout,1204.708662,1204.708662
dan_soldier,1204.708662,1204.708662
mould_soldier,1204.708662,1204.708662
swift_demo,1204.708662,1204.708662
scoffer_medic,1204.708662,1204.708662
lukastank_demo,1204.648111,1204.648111
hat_soldier,1204.483167,1215.937401
reptile_scout,1204.477175,1227.520623
habib_scout,1204.467496,1204.467496
v4na_soldier,1204.438579,1238.113591
luggnuts_scout,1204.377417,1218.736173
saltyy_scout,1204.165358,1217.364207
glimmer_soldier,1204.078354,1207.26609
playmo_soldier,1204.069818,1212.103127
messiah_soldier,1204.029954,1217.473345
meatball_soldier,1204.029954,1217.473345
caboose_medic,1204.029954,1217.473345
exfane_demo,1203.984703,1220
wai_medic,1203.984703,1220
silvos_soldier,1203.968717,1209.208913
ringo_scout,1203.956436,1228.336446
yeremy_demo,1203.956436,1228.336446
nasboii_demo,1203.801704,1206.781139
permzilla_scout,1203.796768,1213.101691
buttnose_scout,1203.796768,1213.101691
funkadelic_soldier,1203.796768,1213.101691
baklavadarryl_soldier,1203.75825,1215.524772
r0cket_wizard_soldier,1203.75825,1215.524772
megawac_medic,1203.75825,1215.524772
raf_scout,1203.592342,1244.391414
monti_scout,1203.580033,1208.705566
gnat_soldier,1203.5391,1213.005182
gigi_demo,1203.529123,1204.013057
junuu_scout,1203.523922,1203.523922
cuby_demo,1203.523922,1203.523922
emgee_scout,1203.521318,1203.521318
sean_demo,1203.521318,1203.521318
gramps_medic,1203.521318,1203.521318
render_soldier,1203.468628,1215.064879
abender_soldier,1203.39633,1224.64686
peniferous_demo,1203.37832,1242.552151
trippa_soldier,1203.373038,1246.508174
halfwrong_scout,1203.322963,1220.003455
spade_medic,1203.322963,1220.003455
blanc_soldier,1203.32264,1226.272786
luka enderman_demo,1203.32264,1226.272786
un4given_medic,1203.32264,1226.272786
salt_soldier,1203.29451,1216.555233
maggles_scout,1203.224136,1217.353956
saartje_scout,1203.224136,1217.353956
wai_soldier,1203.224136,1217.353956
coleman_soldier,1203.224136,1217.353956
$neaky_scout,1203.1731,1208.477759
teeno_scout,1203.144208,1211.59498
tal_medic,1203.144208,1211.59498
ricco_soldier,1202.993278,1220.958887
ender_demo,1202.993278,1220.958887
perl_medic,1202.993278,1220.958887
waves_scout,1202.987489,1209.868666
stamm_soldier,1202.987489,1209.868666
logan_soldier,1202.900851,1202.900851
aim_medic,1202.900851,1202.900851
kondor_scout,1202.897376,1202.897376
dronos_soldier,1202.897376,1202.897376
crass_soldier,1202.897376,1202.897376
whitebrozer_medic,1202.897376,1202.897376
camille_scout,1202.891596,1217.072237
samson_soldier,1202.836579,1202.836579
soapymeister_soldier,1202.820927,1207.687429
durc_soldier,1202.780879,1217.139635
feyn_demo,1202.780879,1217.139635
ranga_soldier,1202.77357,1214.379442
nosferatu_scout,1202.743975,1202.743975
mikey_scout,1202.743975,1202.743975
38special_soldier,1202.743975,1202.743975
bigac_demo,1202.743975,1202.743975
2nuts_medic,1202.684123,1221.751835
coyo_geezer_soldier,1202.58097,1210.584476
ascend_medic,1202.58097,1210.584476
azn_soldier,1202.570065,1210.549089
n\xc3\xa9o_scout,1202.535457,1231.321268
amr_scout,1202.483318,1210.660569
hero_soldier,1202.483318,1210.660569
deathy_soldier,1202.416568,1226.950443
puck_soldier,1202.385525,1224.199946
caspian_medic,1202.35092,1227.268667
zerk_scout,1202.293546,1211.586512
user_demo,1202.293546,1211.586512
bear_soldier,1202.244961,1203.367633
paladin_scout,1202.152266,1221.323764
ama_scout,1202.151998,1210.131022
joe_soldier,1202.151998,1210.131022
bumbo_soldier,1202.124989,1219.219384
dork_scout,1202.117769,1214.448492
foldedflea6825_medic,1202.117769,1214.448492
polygon_soldier,1202.071601,1226.089024
showstopper_soldier,1201.939981,1247.727817
morrow_medic,1201.935462,1214.56099
hubert_scout,1201.903501,1222.78186
bl0ke_demo,1201.903501,1222.78186
jynxed_scout,1201.870297,1207.74073
z0diack_scout,1201.77324,1236.314788
spitty_medic,1201.709974,1210
povohat_scout,1201.709974,1201.709974
mikeh_scout,1201.709974,1201.709974
grey_soldier,1201.709974,1201.709974
prime_demo,1201.709974,1201.709974
kanye_scout,1201.701283,1210.622257
serotone_medic,1201.649701,1245.286443
cube_soldier,1201.649222,1227.316987
basik_medic,1201.595798,1217.190627
cadet_scout,1201.5348,1210.287744
jeven99_soldier,1201.494715,1203.825371
raelen_soldier,1201.467263,1216.168039
golden_scout,1201.459378,1202.006391
martenbiter_medic,1201.39033,1206.488918
joseph_demo,1201.380575,1208.557751
turris_soldier,1201.156901,1210.775572
mateo_demo,1201.156901,1210.775572
bowt_scout,1201.146233,1210
puddy_soldier,1201.146233,1210
ory_soldier,1201.146233,1210
nico_scout,1201.054948,1258.510898
tviq_scout,1200.913439,1211.295755
giffy_scout,1200.86232,1206.324958
bdonski_scout,1200.86232,1206.324958
panic_soldier,1200.86232,1206.324958
chimpfeet_medic,1200.86232,1206.324958
redcoatzygote_soldier,1200.85021,1229.350713
hsr_scout,1200.842181,1200.842181
ben_soldier,1200.842181,1200.842181
zildjian_medic,1200.842181,1200.842181
zbryan_soldier,1200.739874,1239.63297
pyyyour_demo,1200.739874,1239.63297
fizzypug_scout,1200.718254,1208.184403
cloudy_soldier,1200.718254,1208.184403
vclox_soldier,1200.718254,1208.184403
starkie_scout,1200.520239,1201.371671
utka_scout,1200.425785,1217.907174
degun_soldier,1200.377125,1213.58612
hidan_demo,1200.377125,1213.58612
izzy_medic,1200.377125,1213.58612
darn_scout,1200.348579,1217.748568
dunc_soldier,1200.348579,1217.748568
dauq_scout,1200.318692,1227.494019
ceejaey_medic,1200.282548,1201.325447
change_scout,1200.234592,1222.044082
hildreth_soldier,1200.229415,1212.905022
mattu_soldier,1200.184967,1209.337168
chey_scout,1200.095024,1222.886296
crayon_medic,1200.050888,1217.173879
tobs_soldier,1200.022996,1221.084087
klar_soldier,1200.022762,1208.972361
n/a_demo,1200,1200
n/a_scout,1200,1200
n/a_soldier,1200,1200
n/a_medic,1200,1200
pootashpierre_medic,1200,1200
prozak_scout,1200,1200
macisum_demo,1200,1200
tsunamii_medic,1200,1200
grey_scout,1200,1210
raiin_scout,1200,1210
prime_soldier,1200,1210
povohat_soldier,1200,1210
mikeeeeh_demo,1200,1210
nehcro_scout,1200,1200
nurfu_soldier,1200,1200
deimos_demo,1200,1200
dinko_medic,1200,1200
pingu_scout,1199.895255,1209.948075
zoek_soldier,1199.895255,1209.948075
buud_soldier,1199.88299,1217.364379
yuki_medic,1199.843928,1209.898832
sanz_medic,1199.788671,1227.383259
hems_scout,1199.786815,1211.408504
matt_scout,1199.577281,1210
appz_scout,1199.577281,1210
dr.justice_soldier,1199.577281,1210
springer_soldier,1199.577281,1210
skinnie_demo,1199.577281,1210
boomeh_medic,1199.577281,1210
kensi_scout,1199.539466,1203.356239
yachty_soldier,1199.510671,1207.805572
essence_medic,1199.510671,1207.805572
exquizit_scout,1199.483623,1200
a festive fish_scout,1199.483623,1200
hive_soldier,1199.483623,1200
annabelle_soldier,1199.483623,1200
silent*_demo,1199.483623,1200
ashoo_medic,1199.483623,1200
havok_scout,1199.3998,1210.722031
marco_soldier,1199.3998,1210.722031
ronny_medic,1199.3998,1210.722031
hyper_scout,1199.356096,1208.320648
paymh_soldier,1199.356096,1208.320648
wiggin_demo,1199.356096,1208.320648
johnny_demo,1199.336692,1207.404018
flare_medic,1199.336692,1207.404018
sextis_scout,1199.285556,1200
gwada_soldier,1199.285556,1200
heyy_soldier,1199.278571,1209.082047
els_scout,1199.250886,1200
vilge_scout,1199.250886,1200
alx-1_soldier,1199.250886,1200
skete_soldier,1199.250886,1200
resk3r_demo,1199.250886,1200
luikuri_medic,1199.250886,1200
kalh?_soldier,1199.210734,1203.01697
tamir_scout,1199.180056,1205.50423
j__scout,1199.180056,1205.50423
lsd_medic,1199.180056,1205.50423
ducky_scout,1199.173205,1223.431941
bloodsire_soldier,1199.173205,1223.431941
eskimo_soldier,1199.156481,1219.414962
tree_scout,1199.046683,1200
slippi_soldier,1199.046683,1200
wild_rumpus_demo,1199.046683,1200
fygg_demo,1199.005666,1206.684497
rad_scout,1198.967181,1207.024764
stan_demo,1198.967181,1207.024764
walrex_soldier,1198.893259,1200
slamberg_soldier,1198.836132,1218.301063
prograde_scout,1198.809427,1200
cerby_soldier,1198.809427,1200
b0nes_soldier,1198.809427,1200
reem_demo,1198.809427,1200
trxz_medic,1198.809427,1200
doll_scout,1198.405639,1209.498225
snailboat_soldier,1198.405639,1209.498225
tone-pot_soldier,1198.405639,1209.498225
davis_soldier,1198.390703,1220.978099
droog_demo,1198.390703,1220.978099
flame_medic,1198.390703,1220.978099
thefragile_scout,1198.338344,1219.080622
carnage_soldier,1198.338344,1219.080622
soup_soldier,1198.338344,1219.080622
memphisvon_medic,1198.338344,1219.080622
hhhwrd_scout,1198.24039,1203.355859
takeyon_soldier,1198.216864,1201.479441
halfwrong_medic,1198.164266,1234.96796
philip_demo,1198.104576,1219.458137
degu_medic,1197.963631,1220.859952
ryanr_soldier,1197.96113,1221.552471
disturbed_scout,1197.953333,1209.549583
mercyless_scout,1197.934639,1210
oni_demo,1197.934639,1210
smoke_medic,1197.934639,1210
gf18_idiot_scout,1197.91299,1211.173712
killari_soldier,1197.91299,1211.173712
kylorfo_scout,1197.80253,1200
muma_soldier,1197.80253,1200
hedgehog hero_demo,1197.80253,1200
zoomxze_medic,1197.80253,1200
kosuke_soldier,1197.792984,1203.097644
olgha_scout,1197.765664,1225.705969
gar_soldier,1197.661614,1200
tendon_soldier,1197.661614,1200
sadgasm_scout,1197.640676,1212.534172
aneurysm_soldier,1197.640676,1212.534172
kordian_scout,1197.583666,1200
loww_soldier,1197.583666,1200
e-vil_soldier,1197.583666,1200
mr slin_medic,1197.577504,1206.559696
celvn_medic,1197.556922,1211.810397
bb_scout,1197.525446,1207.159618
ama_soldier,1197.492024,1225.236633
vortex_scout,1197.43858,1200
blink_scout,1197.43858,1200
moisdm_soldier,1197.43858,1200
jigsaw_soldier,1197.43858,1200
tony_demo,1197.43858,1200
reconocer_medic,1197.43858,1200
beesha_scout,1197.377042,1203.330077
flinn_demo,1197.365717,1204.185359
draft_demo,1197.339075,1211.609202
hobbes_medic,1197.339075,1211.609202
samski_soldier,1197.308179,1210.465281
nation_scout,1197.28669,1209.992244
snh_scout,1197.28669,1209.992244
koling_soldier,1197.28669,1209.992244
donovin_soldier,1197.284535,1227.156913
laz_scout,1197.159743,1200
highfive_demo,1197.159743,1200
kjkuod_scout,1197.14274,1228.661931
vinty_medic,1197.131819,1205.293982
reero_soldier,1197.012267,1203.021209
market_scout,1196.997206,1206.370779
babs_medic,1196.836708,1218.259702
samson_medic,1196.669923,1200
doughy_medic,1196.663688,1211.504846
ed_scout,1196.642284,1206.016433
vich?thescouse_scout,1196.642284,1206.016433
blobinet_soldier,1196.642284,1206.016433
mckoston_soldier,1196.642284,1206.016433
hcsc0ut_demo,1196.642284,1206.016433
sarah_medic,1196.642284,1206.016433
dmoule_scout,1196.636175,1214.066917
soala_scout,1196.628508,1200
lucki_scout,1196.628508,1200
davidredface_soldier,1196.628508,1200
ckrow_soldier,1196.628508,1200
sushi_demo,1196.628508,1200
rene_medic,1196.628508,1200
namtac_scout,1196.489234,1205.095624
mac_soldier,1196.398434,1210.218875
rising_medic,1196.384506,1221.495906
kev777_scout,1196.239865,1200
johnny_medic,1196.212881,1220
grix_soldier,1196.202773,1213.684162
jun0_soldier,1196.172107,1200
marvin_scout,1196.158335,1201.750363
ceymoure_soldier,1196.158335,1201.750363
ash_demo,1196.158335,1201.750363
cvm_medic,1196.158335,1201.750363
buddah_soldier,1196.127668,1200
q_medic,1196.127668,1200
tictack_scout,1196.07487,1220.958887
lilcute_scout,1196.052002,1204.055508
acecle_demo,1196.052002,1204.055508
oben_scout,1195.986943,1200
morni_soldier,1195.986943,1200
blurri_medic,1195.986943,1200
unable_scout,1195.876024,1210.21782
dr. phil_soldier,1195.876024,1210.21782
tony_scout,1195.869951,1200
yuice_soldier,1195.869951,1200
joe_medic,1195.826898,1200
fluffy_scout,1195.761222,1224.324692
olliii_soldier,1195.761222,1224.324692
cronk_scout,1195.716342,1210
karatefarmer_scout,1195.716342,1210
spirit_soldier,1195.716342,1210
collaide_soldier,1195.716342,1210
moleapples_demo,1195.716342,1210
kuferl_medic,1195.716342,1210
moy_demo,1195.686348,1200
tino_medic,1195.686348,1200
sepu_scout,1195.588122,1218.52121
kaimo_demo,1195.582995,1238.71813
mu_scout,1195.569783,1200
thaigrr_soldier,1195.50218,1201.05886
kr4tos_demo,1195.488493,1212.905022
xander_medic,1195.222246,1204.143219
0mger_scout,1194.962067,1209.964202
siberia_soldier,1194.905601,1201.775335
memories_demo,1194.905601,1201.775335
a seagull_soldier,1194.796087,1210.390916
pipelin_soldier,1194.771576,1214.004283
fisshu_scout,1194.577394,1208.960975
joe_demo,1194.42571,1212.067029
fancyson_scout,1194.308355,1215.95932
ictus_scout,1194.16307,1209.79386
brutechop_scout,1194.151157,1200
tree_soldier,1194.151157,1200
garthnuk_demo,1194.151157,1200
bbl_medic,1194.151157,1200
frhank_soldier,1194.148496,1200
razed_medic,1194.148496,1200
toy_medic,1194.143145,1228.950558
apathy_scout,1194.126486,1202.897376
kbk_scout,1194.121679,1208.117291
oplaid_soldier,1194.121679,1208.117291
2c_soldier,1194.121679,1208.117291
tony_swan_medic,1194.121679,1208.117291
bl0ke_soldier,1194.104984,1200
eon_medic,1194.104984,1200
magic_scout,1194.038653,1207.118017
scouty_scout,1194.038653,1207.118017
froste_soldier,1194.038653,1207.118017
throne_soldier,1194.038653,1207.118017
footsocks_medic,1194.038653,1207.118017
dante_scout,1194.028218,1206.351912
tri__soldier,1194.028218,1206.351912
solar_soldier,1193.996323,1203.630495
stick_demo,1193.996323,1203.630495
puoskari_scout,1193.981389,1234.816385
afroman_scout,1193.966524,1200
kbn_scout,1193.966524,1200
avo_soldier,1193.966524,1200
frydog_demo,1193.966524,1200
fette_scout,1193.880491,1211.709974
sommie_soldier,1193.880491,1211.709974
weqo_soldier,1193.880491,1211.709974
russi_demo,1193.880491,1211.709974
glufse_medic,1193.880491,1211.709974
quickiebomb_scout,1193.877612,1207.72537
boomer_scout,1193.846135,1223.583025
visitor_soldier,1193.846135,1223.583025
alfa_demo,1193.846135,1223.583025
dr. phil_demo,1193.83699,1200
shyyou_soldier,1193.827178,1203.356239
dikker_medic,1193.827178,1203.356239
daga_demo,1193.818351,1213.804344
sam_scout,1193.795553,1202.289841
yuki_demo,1193.795553,1202.289841
shupah_soldier,1193.67783,1210.683934
yoob_scout,1193.613107,1200.028936
illya_scout,1193.613107,1200.028936
xhon_soldier,1193.613107,1200.028936
saint_soldier,1193.613107,1200.028936
ryan_soldier,1193.579065,1212.146087
dev_soldier,1193.579065,1212.146087
mack_demo,1193.579065,1212.146087
lunar_medic,1193.579065,1212.146087
mcmuffin_scout,1193.576654,1206.82122
gaston_soldier,1193.576654,1206.82122
sequel_soldier,1193.576654,1206.82122
chupa_demo,1193.576654,1206.82122
eckm_medic,1193.576654,1206.82122
divine_scout,1193.563411,1200
brick_medic,1193.563411,1200
mac_demo,1193.520962,1200
xobile_scout,1193.474286,1200
frysk_scout,1193.471032,1200
tammrock_soldier,1193.471032,1200
toemas_soldier,1193.400053,1202.416334
quacks_soldier,1193.378019,1213.547587
donut_scout,1193.336925,1213.931284
traxantic_soldier,1193.336925,1213.931284
cyber_soldier,1193.336925,1213.931284
buttnose_soldier,1193.217091,1200
pokey_scout,1193.200289,1209.454307
grieve_medic,1193.200289,1209.454307
jynxii_scout,1193.18552,1200.420186
menty_demo,1193.18552,1200.420186
gdk_demo,1193.11879,1203.023769
head hunter_scout,1193.10308,1203.728959
degu_scout,1193.092827,1208.287111
iatgink_scout,1193.092827,1208.287111
sweater_soldier,1193.081592,1208.970635
dave ac_demo,1193.081592,1208.970635
mr_positivity_medic,1193.081592,1208.970635
rickrigatoni_scout,1193.051948,1213.952054
don0vvu89n_scout,1193.051948,1213.952054
anderson_demo,1193.048992,1217.353956
darty_scout,1192.938005,1200
iikq_demo,1192.899705,1200
planck_scout,1192.877116,1206.697557
jlebs_scout,1192.877116,1206.697557
mopahh_demo,1192.877116,1206.697557
009eff_medic,1192.877116,1206.697557
m0re_scout,1192.852558,1201.709974
monkiainen_scout,1192.852558,1201.709974
rake_soldier,1192.852558,1201.709974
dajackal_soldier,1192.852558,1201.709974
perry_demo,1192.852558,1201.709974
arjeni_medic,1192.852558,1201.709974
alt_soldier,1192.725552,1215.982981
aidelos_scout,1192.675955,1209.63082
arcadia_medic,1192.65979,1200.028936
neight_scout,1192.622295,1200
rintincan_soldier,1192.594093,1209.876337
slash_scout,1192.576612,1200
zoom_scout,1192.576612,1200
elees_soldier,1192.576612,1200
mef_demo,1192.569788,1200
starbucks_scout,1192.547307,1207.1959
cozen_scout,1192.470727,1200
rikachu_demo,1192.461122,1200
freaky_medic,1192.424881,1211.586512
_xyph_scout,1192.410896,1200
bananabread_scout,1192.410896,1200
roro_soldier,1192.410896,1200
eggnormous_demo,1192.410896,1200
bunneez_medic,1192.410896,1200
goldfish_soldier,1192.398332,1223.915519
droso_scout,1192.364245,1213.931284
raptor_soldier,1192.36344,1203.278498
jimb0t_demo,1192.345955,1203.081283
ph4ntom_medic,1192.325012,1236.534126
samson_scout,1192.304514,1206.312905
remorse_medic,1192.304514,1206.312905
sonny black_soldier,1192.275726,1201.768032
commanderx_soldier,1192.275726,1201.768032
nadir_demo,1192.275726,1201.768032
allyy_medic,1192.275726,1201.768032
zesty_soldier,1192.241888,1203.278498
heebs_scout,1192.238546,1206.116005
imectus_demo,1192.227388,1200
rowan_medic,1192.227388,1200
dippidy_scout,1192.221227,1200
nintails_scout,1192.114211,1210.584476
osakana_medic,1192.059653,1200
hiper_soldier,1191.741227,1200
kuaki_demo,1191.741227,1200
fanva_scout,1191.711461,1202.068532
macisum_scout,1191.711461,1202.068532
torden_soldier,1191.711461,1202.068532
weqo_demo,1191.711461,1202.068532
wltrs_medic,1191.711461,1202.068532
obla_medic,1191.641524,1229.134526
rake_scout,1191.48646,1201.768032
seanbud_soldier,1191.472295,1220.978099
cor_scout,1191.43754,1200.418433
maidu_scout,1191.43754,1200.418433
hycz_soldier,1191.43754,1200.418433
hawku_soldier,1191.43754,1200.418433
lalli_demo,1191.43754,1200.418433
esper_scout,1191.42713,1206.351813
legit_scout,1191.42713,1206.351813
larsa_soldier,1191.413624,1200
amp-t_soldier,1191.396207,1204.013057
evans_scout,1191.386012,1200
ninya_soldier,1191.386012,1200
adiemus_scout,1191.260909,1209.719156
deux_scout,1191.260909,1209.719156
depch_soldier,1191.260909,1209.719156
hekka_soldier,1191.260909,1209.719156
hat_demo,1191.260909,1209.719156
line_medic,1191.260909,1209.719156
jynx_scout,1191.247573,1235.999309
kuhnockers_soldier,1191.247056,1200
nowah_medic,1191.247056,1200
chunkey_soldier,1191.22911,1200
indecency_demo,1191.22911,1200
heyy_scout,1191.168381,1200
pride_soldier,1191.168381,1200
lyuiop_medic,1191.168381,1200
ranga_demo,1191.147176,1222.885089
lucky_medic,1191.145917,1200
humis_scout,1191.120055,1201.709974
reve_soldier,1191.120055,1201.709974
h4wk_demo,1191.120055,1201.709974
dashing_medic,1191.120055,1201.709974
skinnie_scout,1191.039025,1200
pena_soldier,1191.039025,1200
byte_demo,1191.039025,1200
ajc_medic,1191.039025,1200
nadir_soldier,1191.027639,1200
campbell_demo,1190.979994,1224.64686
akame_scout,1190.917953,1200
miles_scout,1190.917953,1200
honk knoh_soldier,1190.917953,1200
dajono_demo,1190.917953,1200
tojo_scout,1190.913638,1200
molly_soldier,1190.913638,1200
hugee_scout,1190.808261,1213.758406
arentrir_soldier,1190.808261,1213.758406
z0mbity_scout,1190.794013,1200
rain_soldier,1190.794013,1200
cinderella_demo,1190.794013,1200
daveii_medic,1190.794013,1200
rouge_medic,1190.787874,1200
oj_soldier,1190.778216,1225.445595
souyant_scout,1190.774021,1200
zaboomafoo_demo,1190.774021,1200
raiin_soldier,1190.769729,1201.709974
zilly_soldier,1190.724279,1206.245647
pennyfarming_scout,1190.703565,1200
head hunter_soldier,1190.703565,1200
pluxa_soldier,1190.692504,1200
iusti_scout,1190.661875,1200
mystt_scout,1190.631768,1207.615104
kouna_demo,1190.631768,1207.615104
kars_medic,1190.631768,1207.615104
bv_scout,1190.623473,1202.550817
shadyr_scout,1190.623473,1202.550817
cinder_soldier,1190.623473,1202.550817
cnoz_demo,1190.623473,1202.550817
dvs_medic,1190.623473,1202.550817
maxi_scout,1190.587978,1204.708662
puff_demo,1190.563633,1221.694639
thrill_medic,1190.563633,1221.694639
kjku0d_scout,1190.47691,1204.814812
jakle_soldier,1190.346778,1210.876935
snyyyppis_soldier,1190.346778,1210.876935
namey_scout,1190.291645,1225.873363
taz_scout,1190.224291,1200
miperton_soldier,1190.224291,1200
andrew_demo,1190.224291,1200
elena manetta_medic,1190.224291,1200
amarok_demo,1190.161447,1217.756035
hef_soldier,1190.131334,1200
doctrine_demo,1190.131334,1200
fluo_soldier,1190.086767,1238.109375
ant_scout,1190.051802,1200
z3no_scout,1190.051802,1200
dogbark_soldier,1190.051802,1200
vanxi_soldier,1190.051802,1200
assterisk_demo,1190.051802,1200
daren_medic,1190.051802,1200
bowl_demo,1190.039344,1204.964026
gotti_soldier,1190.025255,1203.479836
demos_demo,1190.025255,1203.479836
beta_scout,1190,1200
wai_scout,1190,1200
wlv_soldier,1190,1200
runesky_soldier,1190,1200
boomting_demo,1190,1200
acidrenix_medic,1190,1200
thefragile_soldier,1190,1200
dummy_soldier,1190,1200
hubris_demo,1190,1200
oplaid_medic,1190,1200
evil_soldier,1190,1200
light_demo,1190,1200
zerox_medic,1190,1200
dylie_scout,1190,1200
rhyz_demo,1190,1200
fear_medic,1190,1200
ales_medic,1190,1200
zefur_scout,1190,1200
taiga_scout,1190,1200
treemonkey_soldier,1190,1200
dave2_soldier,1190,1200
420fart_demo,1190,1200
squidie_medic,1190,1200
zaka_scout,1189.940094,1229.850656
gex_scout,1189.927034,1200
inqui_scout,1189.927034,1200
aves_soldier,1189.927034,1200
bpf_soldier,1189.927034,1200
pbl_demo,1189.927034,1200
rts_medic,1189.927034,1200
psychoclarkie_medic,1189.915843,1217.353956
aubriac_soldier,1189.90081,1200
charlie_soldier,1189.836572,1209.859188
wndr_scout,1189.824856,1200
coleman_medic,1189.824856,1200
poo0p_demo,1189.815587,1210.016226
dogroll_medic,1189.788533,1241.504611
tyson_soldier,1189.739109,1200
mono72_soldier,1189.739109,1200
rktgod_medic,1189.739109,1200
robot with human hair_scout,1189.712256,1200
saucy jack_scout,1189.712256,1200
bens0_soldier,1189.712256,1200
scratta_soldier,1189.712256,1200
elektro_demo,1189.712256,1200
derpman107_medic,1189.712256,1200
siberia_demo,1189.665927,1200
skele_scout,1189.664921,1200
yoona_medic,1189.664921,1200
weeb_whacker_medic,1189.638946,1206.733341
bybben_soldier,1189.633362,1200
haza_medic,1189.633362,1200
happycool_scout,1189.575303,1232.756759
bubschen_scout,1189.54213,1200
tack_scout,1189.54213,1200
snyyppis_soldier,1189.54213,1200
caned_soldier,1189.54213,1200
tobyy_demo,1189.54213,1200
senko_scout,1189.533242,1200
warp_scout,1189.512285,1200
fishage_medic,1189.512285,1200
trumpet_scout,1189.456826,1200
toqoz_medic,1189.456826,1200
delph_soldier,1189.31407,1200
mafu_demo,1189.277969,1200
seal_soldier,1189.271503,1200
fennex_scout,1189.224428,1200
t0m_soldier,1189.186478,1224.768624
zefrosty_soldier,1189.084942,1200
lux_medic,1189.084942,1200
phake_scout,1189.059755,1200
cinderella man_demo,1189.059755,1200
colin_medic,1189.059755,1200
math_soldier,1189.046683,1200
joeyy_scout,1189.039364,1200
mel0n_scout,1189.039364,1200
prc_soldier,1189.039364,1200
danny d_soldier,1189.039364,1200
ryot_demo,1189.039364,1200
tomnas_scout,1188.981115,1200
kalh\xc3\xb3_soldier,1188.981115,1200
ins_scout,1188.96339,1200
melle_soldier,1188.96339,1200
jvsh_scout,1188.827442,1200
benj_scout,1188.827442,1200
skaz_soldier,1188.827442,1200
eepily_soldier,1188.749088,1200
cupcake_soldier,1188.749088,1200
o'learry_demo,1188.749088,1200
cos coa_medic,1188.722697,1200
split_medic,1188.635098,1200
callum_soldier,1188.601278,1211.810397
cegr_scout,1188.573841,1200
krokit_soldier,1188.573841,1200
jackwalms_soldier,1188.573841,1200
thompson_demo,1188.573841,1200
awj_medic,1188.573841,1200
umlpst_soldier,1188.556261,1213.952054
faith_scout,1188.53282,1206.005123
realm_demo,1188.53282,1206.005123
adam_scout,1188.413488,1200
tg_scout,1188.413488,1200
a team of ants in their prime_soldier,1188.413488,1200
dragonfru_soldier,1188.413488,1200
voltage_medic,1188.413488,1200
vivi_scout,1188.40502,1200
tohka_scout,1188.40502,1200
yeah?_soldier,1188.40502,1200
sorrow_soldier,1188.40502,1200
trev_demo,1188.40502,1200
max_medic,1188.40502,1200
denka_scout,1188.403309,1200
realm_scout,1188.403309,1200
j_peg_soldier,1188.403309,1200
pyrrhus_soldier,1188.403309,1200
teli_demo,1188.403309,1200
exile_medic,1188.403309,1200
kevv_scout,1188.390648,1203.030802
lunacide_soldier,1188.390648,1203.030802
mantas_soldier,1188.325175,1210.312961
fallen_medic,1188.325175,1210.312961
zach_scout,1188.290026,1200
spice_soldier,1188.290026,1200
yemitea_medic,1188.290026,1200
kosuke_scout,1188.269526,1200
zherii_scout,1188.269526,1200
shadyr_soldier,1188.269526,1200
arunir_soldier,1188.269526,1200
kraken_demo,1188.269526,1200
gen_medic,1188.269526,1200
turbo_medic,1188.128679,1205.807275
aino_scout,1188.095127,1209.868666
wbacon_medic,1188.065181,1210
smaka_soldier,1188.014113,1258.367916
amppis_soldier,1187.992153,1206.244804
anna_scout,1187.956409,1200
gabby_scout,1187.956409,1200
cereai_soldier,1187.956409,1200
mur_soldier,1187.956409,1200
baba_demo,1187.956409,1200
exeloar_medic,1187.956409,1200
ace_scout,1187.955263,1210
shrike410_scout,1187.955263,1210
sylosin_soldier,1187.955263,1210
e-thug_soldier,1187.955263,1210
head hunter_demo,1187.955263,1210
zethzio_medic,1187.955263,1210
kindered_scout,1187.952927,1200
tekszi_scout,1187.952927,1200
storm_soldier,1187.952927,1200
klsz_scout,1187.94502,1205.426409
frisbee_soldier,1187.918555,1200
ghadilli_medic,1187.918555,1200
hubertthefish_medic,1187.896873,1200
smilez_scout,1187.809054,1200
rio_soldier,1187.809054,1200
nyxia_scout,1187.786925,1200
baconblitz_soldier,1187.786925,1200
mariomanz_soldier,1187.786925,1200
therealweiner_demo,1187.786925,1200
beelthazus_medic,1187.786925,1200
haza_soldier,1187.734203,1200
.erik_scout,1187.589081,1200
sale_boat_soldier,1187.589081,1200
macrp_demo,1187.589081,1200
dokbob_medic,1187.589081,1200
aniph_demo,1187.587911,1200
slicerogue_medic,1187.587911,1200
dingo_demo,1187.538854,1277.64924
sid vicious_scout,1187.406503,1203.023769
hemp_scout,1187.297827,1207.423388
ampersand_medic,1187.259389,1208.509919
kr4tos_medic,1187.196265,1227.388116
agen_medic,1187.194855,1200
muerte_soldier,1187.15267,1200
setsul_soldier,1187.15267,1200
verse_demo,1187.15267,1200
duckie_scout,1187.035311,1200
r4ndom_scout,1187.035311,1200
jpeezy_soldier,1187.035311,1200
samski_demo,1187.035311,1200
asadawarf_medic,1187.035311,1200
der_milchmann_scout,1186.94941,1200
toast_soldier,1186.94941,1200
james_scout,1186.801148,1200
proky_scout,1186.801148,1200
swanny_soldier,1186.801148,1200
austin_demo,1186.801148,1200
hannes_medic,1186.801148,1200
milkyeu_demo,1186.746134,1200
coolbeans_scout,1186.691708,1200
honey_soldier,1186.691708,1200
hobnobs_soldier,1186.691708,1200
jun0_demo,1186.691708,1200
ox_soldier,1186.686168,1209.561754
rainoflight_scout,1186.596352,1200
alba_soldier,1186.469492,1200
gar_demo,1186.469492,1200
agens_medic,1186.469492,1200
pablo_scout,1186.468677,1200
hat_scout,1186.38222,1207.293807
linus_soldier,1186.38222,1207.293807
thesucker_medic,1186.38222,1207.293807
memories_scout,1186.33585,1200
sean_scout,1186.269211,1200
modus_soldier,1186.269211,1200
xander_demo,1186.269211,1200
dauq_medic,1186.269211,1200
thefriendlycow_scout,1186.233787,1200
scoffer_soldier,1186.233787,1200
lunar_scout,1186.217012,1200
rsn_demo,1186.217012,1200
shupah_medic,1186.217012,1200
basti_soldier,1186.215368,1200
sideways_soldier,1186.20397,1200
max_demo,1186.20397,1200
brulee_medic,1186.20397,1200
segamw_scout,1186.195656,1200
mudkip_scout,1186.195656,1200
urmphitank_soldier,1186.195656,1200
ybg.tara_soldier,1186.195656,1200
sasukeuchiha_demo,1186.195656,1200
p-rez_scout,1186.116796,1200
domiq_scout,1186.007807,1200
phong__scout,1186.007807,1200
mike rotch_soldier,1186.007807,1200
elyassu_demo,1186.007807,1200
wylenn_medic,1186.007807,1200
shootist_scout,1186.002867,1213.218271
ctrlfmuffin_soldier,1186.002867,1213.218271
sureshot_demo,1186.002867,1213.218271
eldritch_medic,1186.002867,1213.218271
badmouse_scout,1185.969007,1200
cody_soldier,1185.969007,1200
crushing_medic,1185.969007,1200
lfbeans_scout,1185.964694,1200
pijacka_scout,1185.964694,1200
credu_soldier,1185.964694,1200
maverick_soldier,1185.964694,1200
habina_medic,1185.964694,1200
\xd2\x89jack\xd2\x89_soldier,1185.942765,1202.376292
wbacon_scout,1185.921389,1200
wackyfire_scout,1185.921389,1200
slicerogue_soldier,1185.921389,1200
rkcbb_medic,1185.921389,1200
michael_scout,1185.8994,1200
sickday_scout,1185.8994,1200
kodyn_soldier,1185.8994,1200
vouri_scout,1185.879316,1200
ecull_demo,1185.879316,1200
long?s_scout,1185.822846,1200
koeitje_soldier,1185.822846,1200
mineral_soldier,1185.822846,1200
erectus_demo,1185.822846,1200
taimou_medic,1185.822846,1200
voxi_scout,1185.625482,1200
mattyazn_demo,1185.625482,1200
tyranny_scout,1185.499458,1204.753153
xsephy_scout,1185.499458,1204.753153
otter_soldier,1185.499458,1204.753153
romeolove_soldier,1185.499458,1204.753153
zalfy_demo,1185.499458,1204.753153
squirrel_bvc_soldier,1185.378523,1200
ramown_scout,1185.325486,1200
twinqe_soldier,1185.325486,1200
omnibombulator_soldier,1185.325486,1200
gubbins_demo,1185.325486,1200
lava_demo,1185.092927,1200
wonder._soldier,1185.082376,1206.733341
ekkelund_scout,1184.964562,1200
malarz_demo,1184.964562,1200
rosstifer_scout,1184.958114,1200
sepu_soldier,1184.958114,1200
neoziumm_demo,1184.958114,1200
kronsi_medic,1184.958114,1200
tesla_soldier,1184.905549,1200
spaceship_medic,1184.884477,1200
hiipfire_scout,1184.799123,1200.365299
wolfy_scout,1184.799123,1200.365299
skyro_soldier,1184.799123,1200.365299
twiikuu_soldier,1184.799123,1200.365299
tob_demo,1184.799123,1200.365299
cabbage_medic,1184.799123,1200.365299
serpah_scout,1184.70583,1200
fez_soldier,1184.70583,1200
kl_soldier,1184.70583,1200
crybaby_medic,1184.70583,1200
sprite_medic,1184.51121,1203.081283
emerude_soldier,1184.484705,1200
gir_demo,1184.484705,1200
oakley_medic,1184.484705,1200
moursi_scout,1184.425602,1200
vana_scout,1184.41852,1207.279034
spaceman_demo,1184.417694,1200
wrech_scout,1184.36921,1200
connor_soldier,1184.36921,1200
chriz_tah_fah_demo,1184.36921,1200
downpour_scout,1184.365342,1206.944598
skarlett_soldier,1184.365342,1206.944598
djc_soldier,1184.365342,1206.944598
theoverseer_medic,1184.365342,1206.944598
evilmoon_medic,1184.364564,1213.931284
nake_soldier,1184.361084,1206.422594
lange_soldier,1184.361084,1206.422594
clip_soldier,1184.209607,1209.63082
sprite_scout,1183.976407,1200
sivik_soldier,1183.976407,1200
louis_demo,1183.976407,1200
abender777_scout,1183.863059,1200
campbell_soldier,1183.863059,1200
lambda_soldier,1183.863059,1200
smithsonian_demo,1183.863059,1200
fenrir_scout,1183.855809,1200
hazo_scout,1183.855809,1200
mads_soldier,1183.855809,1200
xearo_demo,1183.855809,1200
dox5_medic,1183.855809,1200
kissakala_medic,1183.825193,1206.39194
shrike410_soldier,1183.806645,1203.728959
draco_demo,1183.777762,1200
pelt_demo,1183.67318,1218.301063
hiper_scout,1183.62555,1200
cuspide_soldier,1183.62555,1200
longas_demo,1183.62555,1200
noxious_scout,1183.575878,1200
cami_soldier,1183.575878,1200
che_soldier,1183.575878,1200
minimoose_demo,1183.575878,1200
needy_medic,1183.575878,1200
zen1th_scout,1183.544198,1200
trumpet_demo,1183.462566,1200
boomer_demo,1183.433585,1200.014531
benjay_scout,1183.384738,1202.962916
cos coa_scout,1183.384738,1202.962916
hyperion_soldier,1183.384738,1202.962916
skaz_demo,1183.384738,1202.962916
lexx_medic,1183.384738,1202.962916
cider_medic,1183.320851,1225.445595
matthes_soldier,1183.309695,1200
litany_soldier,1183.30193,1208.290026
bldsre_demo,1183.30193,1208.290026
jaeger_medic,1183.30193,1208.290026
toemas_demo,1183.283818,1204.669042
quik_soldier,1183.205834,1200
sidestep_scout,1183.197872,1200
will_scout,1183.197872,1200
gladdy_demo,1183.197872,1200
reservoir dog_medic,1183.197872,1200
ukm_scout,1183.14044,1200
kpc_soldier,1183.069125,1224.424506
yewl_scout,1182.927763,1200
maros_medic,1182.853357,1200
wackey_soldier,1182.811754,1200
jackylegs_soldier,1182.811754,1200
zangetsu_medic,1182.811754,1200
beavern_scout,1182.802292,1220.971773
ziaa_soldier,1182.798308,1200
degnan_medic,1182.798308,1200
rekuso_soldier,1182.573596,1248.435611
v4na_medic,1182.572865,1217.233065
paavi_soldier,1182.429211,1200
tommi_demo,1182.429211,1200
fenrir_medic,1182.360727,1213.101691
mix_soldier,1182.337341,1200
lippy_soldier,1182.26328,1215.949736
brownie_scout,1182.190987,1200
rising_scout,1182.16874,1200
pudding_scout,1182.16874,1200
twig_soldier,1182.16874,1200
psyco_soldier,1182.16874,1200
lau_demo,1182.16874,1200
remmorse_medic,1182.16874,1200
rep_soldier,1182.137943,1219.312568
dylan_medic,1182.065606,1200
frogglestew_soldier,1182.055303,1202.622261
ictus_medic,1182.055303,1202.622261
crazy_soldier,1182.048029,1200
raina_medic,1182.028528,1200
fancyson_soldier,1182.021076,1200
modus_demo,1182.006519,1200
shy_soldier,1181.96343,1200
tonberry_soldier,1181.823779,1200
hubris_scout,1181.81532,1205.80499
scruff2_scout,1181.81532,1205.80499
ninjax_scout,1181.767947,1205.061315
nuze_demo,1181.663215,1200
ether_demo,1181.656665,1205.061315
zbryan_scout,1181.655142,1220.958887
theukn_scout,1181.636158,1200
dvp_soldier,1181.636158,1200
blank_soldier,1181.636158,1200
drat_demo,1181.636158,1200
munch_medic,1181.636158,1200
mig-21bis_demo,1181.531662,1200.028936
scar_soldier,1181.517672,1215.626211
furbo_scout,1181.487276,1200
meb_scout,1181.400834,1229.249178
cooleverest_scout,1181.299715,1200
gus_soldier,1181.284081,1200
bobby_medic,1181.144003,1200
tangy_scout,1181.089687,1213.56158
cinq_scout,1181.089687,1213.56158
basikmmtxc_soldier,1181.089687,1213.56158
3tf2_soldier,1181.089687,1213.56158
boulder_demo,1181.089687,1213.56158
sweater_medic,1181.089687,1213.56158
haunter_soldier,1181.040537,1200
coinz_scout,1181.039025,1200
alexcouter_scout,1181.028329,1200
melheck_scout,1181.028329,1200
veloo_soldier,1181.028329,1200
zikto_demo,1181.028329,1200
wilescoyote_medic,1181.028329,1200
snailboat_medic,1181.004427,1200
pipsqueak_scout,1180.969745,1206.784513
zyehac_scout,1180.913638,1200
henghast_scout,1180.874707,1200
jane doe_demo,1180.718002,1200
corbac_soldier,1180.717345,1248.129053
.xio_medic,1180.682491,1209.561754
bigpun_scout,1180.574083,1219.312568
tiram_soldier,1180.573656,1209.307496
enigma_soldier,1180.532355,1203.97029
scyper_demo,1180.502392,1225.445595
woody_scout,1180.501885,1200
konr_scout,1180.501885,1200
jakescrzyy._soldier,1180.501885,1200
sonix_demo,1180.501885,1200
benscrzyy._medic,1180.501885,1200
aaant_scout,1180.41283,1200.537248
darkstarr_scout,1180.41283,1200.537248
rick____soldier,1180.41283,1200.537248
memphisvon_demo,1180.41283,1200.537248
karnax_scout,1180.410791,1200
alt_demo,1180.043773,1205.217485
hansa_scout,1180,1200
hexen_scout,1180,1200
origo_soldier,1180,1200
sidney_soldier,1180,1200
olliii_demo,1180,1200
klevertommy_scout,1180,1200
venom_scout,1180,1200
phantom_soldier,1180,1200
shadyjames_soldier,1180,1200
sev_demo,1180,1200
havocmd_medic,1180,1200
alba_scout,1179.992165,1247.30018
benk_scout,1179.980648,1200
peyote_medic,1179.980648,1200
poy_medic,1179.96099,1200
lukas_soldier,1179.933052,1205.723348
pr1med_scout,1179.853768,1200
rei_scout,1179.848609,1205.344626
rep_scout,1179.815587,1200.016226
animeman_soldier,1179.761907,1200
glue_medic,1179.761907,1200
pheaa_soldier,1179.691176,1200
scandal_scout,1179.684792,1201.558691
ram_scout,1179.684792,1201.558691
halion_soldier,1179.684792,1201.558691
vanquish_soldier,1179.684792,1201.558691
boen_demo,1179.684792,1201.558691
maze_scout,1179.638946,1200
anakkk_scout,1179.577471,1200
captainhax_scout,1179.577471,1200
slutonfire_soldier,1179.577471,1200
tsu_soldier,1179.577471,1200
heliana_demo,1179.577471,1200
zppz_medic,1179.577471,1200
danny_soldier,1179.38172,1207.860472
yak_demo,1179.341289,1216.837884
ortin_scout,1179.195448,1200
wonder_scout,1179.195448,1200
ryder_soldier,1179.195448,1200
agron_medic,1179.147826,1200
hoi_soldier,1179.028536,1200
aliensmiley_scout,1178.989904,1200
honey_medic,1178.982511,1201.530451
calski_scout,1178.838346,1206.294583
frtiz_scout,1178.834072,1200
dennia_scout,1178.81587,1214.202716
boulder_soldier,1178.661863,1200
3tf2_demo,1178.661863,1200
relic_medic,1178.661863,1200
crud_demo,1178.571712,1200
dima_scout,1178.553052,1200
timus_soldier,1178.553052,1200
unlimited_soldier,1178.553052,1200
rb_scout,1178.535526,1208.750498
spadez_scout,1178.535526,1208.750498
blinky_medic,1178.535526,1208.750498
skeej_medic,1178.470872,1209.888266
makkabeus_demo,1178.400167,1205.792542
olbap_medic,1178.400167,1205.792542
jersh_soldier,1178.367615,1200
hai_scout,1178.252865,1200
jel_medic,1178.252865,1200
manky_soldier,1178.211738,1200
lexx_scout,1178.141566,1200
zia_soldier,1178.130061,1200
smauglet_scout,1178.057176,1200
wzrd_scout,1177.867371,1200
mopat_medic,1177.867371,1200
dubious_soldier,1177.858535,1229.134526
warped_soldier,1177.830271,1200
raven_scout,1177.813372,1200
edk_soldier,1177.791492,1200
gragery_medic,1177.791492,1200
mike_medic,1177.665262,1204.230004
aniph_medic,1177.658892,1200
vio_scout,1177.657664,1200
scvr_scout,1177.580776,1200
fortnite_soldier,1177.580776,1200
tanking_soldier,1177.580776,1200
tez_demo,1177.580776,1200
inc_medic,1177.580776,1200
sy_scout,1177.555063,1205.344626
dip_soldier,1177.555063,1205.344626
sao_demo,1177.555063,1205.344626
moebloke_soldier,1177.551953,1200
jen_medic,1177.497662,1208.320648
lenny_medic,1177.494834,1200
ebsikl_scout,1177.494699,1200
lights_soldier,1177.494699,1200
ambroon_demo,1177.494699,1200
happybob_medic,1177.494699,1200
shiny_scout,1177.48065,1205.792542
ryfourn_soldier,1177.466942,1200
nati noot_soldier,1177.466942,1200
faust_medic,1177.466942,1200
warhuryeah_soldier,1177.462983,1215.250708
john_soldier,1177.412835,1202.524235
thyme_soldier,1177.283777,1200
deadbolt_demo,1177.051482,1219.637359
hannah_medic,1177.043281,1200
daffodil_soldier,1177.01238,1205.792542
razorsedge_scout,1176.975769,1212.905022
blind_soldier,1176.93789,1200
plastiq_soldier,1176.93789,1200
fel_medic,1176.93789,1200
ratslayer_demo,1176.889145,1200
zesty_demo,1176.835028,1200
tambo_soldier,1176.77135,1208.781679
carbo_scout,1176.709367,1200
\xd0\x9f\xd0\xb0\xd1\x83\xd0\xbb\xd1\x8c_scout,1176.709367,1200
narkkari_soldier,1176.709367,1200
detoed_demo,1176.709367,1200
chairuser_medic,1176.637203,1213.282991
der_milchmann_soldier,1176.475855,1200
boomeh_soldier,1176.207076,1207.293807
aclaivi_scout,1176.126877,1200
caber_soldier,1176.126877,1200
dorky_demo,1176.126877,1200
appe_scout,1175.848455,1211.709974
hp_scout,1175.842605,1200
scream_soldier,1175.711261,1200
himari_scout,1175.639793,1201.661089
signedunknown_soldier,1175.639793,1201.661089
bird_demo,1175.639793,1201.661089
mio_medic,1175.639793,1201.661089
glxy_soldier,1175.489701,1210
nerax_scout,1175.441226,1200
redback_soldier,1175.441226,1200
mopat_demo,1175.441226,1200
sage_medic,1175.441226,1200
dorkan_scout,1175.366777,1200
jan_soldier,1175.366777,1200
lork_medic,1175.366777,1200
gigi_soldier,1175.336412,1200
spary_demo,1175.235241,1200
s0rex_scout,1175.235241,1200
shulqiple_scout,1175.235241,1200
hawku_scout,1175.183319,1200
adolo_scout,1175.176801,1200
kodeeey_scout,1175.085732,1200
liko_scout,1175.085732,1200
mop_demo,1175.085732,1200
via_medic,1175.085732,1200
seal_demo,1174.872017,1200
liam_scout,1174.496312,1200
kodyn_scout,1174.496312,1200
whats the frequency_soldier,1174.496312,1200
rei_demo,1174.496312,1200
michael_medic,1174.496312,1200
earl_scout,1174.383563,1200
sakura_soldier,1174.292674,1208.662283
broodstar_medic,1174.292674,1208.662283
ondkaja_medic,1174.285109,1215.115634
smirre_demo,1174.216578,1221.88795
miju_soldier,1174.213163,1200
atten_scout,1174.205946,1200
wltrs_scout,1174.189128,1238.500043
twisted_scout,1174.153763,1200
unu_soldier,1174.153763,1200
foppish_medic,1174.153763,1200
cobra_demo,1174.088181,1200
ceegee_medic,1174.074575,1200
dejvi_demo,1173.917621,1200
zoob_soldier,1173.710678,1202.025012
mad_soldier,1173.704919,1209.948075
skrimus_scout,1173.683885,1200
kidou_demo,1173.683885,1200
piquu_medic,1173.683885,1200
dflame_scout,1173.617634,1202.857104
shiki_soldier,1173.617634,1202.857104
xattuu_medic,1173.617634,1202.857104
zinnsoldat_scout,1173.481777,1200
mould_scout,1173.418102,1210.312961
_gar_soldier,1173.300841,1200
satan_soldier,1173.300841,1200
darn_soldier,1173.228994,1200
natural_soldier,1173.002393,1200
ryder_demo,1173.002393,1200
menty_medic,1172.856016,1200
ympo_demo,1172.753559,1200
amik_scout,1172.550248,1200
daringo_scout,1172.548882,1200
ctrlfmuffin_demo,1172.548882,1200
2ques_medic,1172.548882,1200
kr4tos_scout,1172.508564,1200
dob_soldier,1172.508564,1200
blub_demo,1172.508564,1200
opti_soldier,1172.488833,1200
phrax_scout,1172.199865,1200
tayau_soldier,1172.122624,1200
starb_scout,1172.042004,1200
b25_scout,1172.042004,1200
quid_demo,1172.042004,1200
ory_medic,1172.042004,1200
jorge_medic,1171.949053,1200
domo_medic,1171.56698,1207.064445
xqq_soldier,1171.504917,1200
sprite_demo,1171.504917,1200
turris_scout,1171.420256,1200
thyme_demo,1171.420256,1200
bl4nk_scout,1171.306094,1213.481854
ilike2spin_medic,1170.929445,1210.876935
estanis_scout,1170.879615,1200
thegreatmage_scout,1170.863489,1210
ally_scout,1170.863489,1210
alfredodan_demo,1170.850868,1200
jeff_soldier,1170.621395,1205.792542
fischkopf_soldier,1170.579402,1215.250708
lansky_scout,1170.505201,1208.290026
kai_scout,1170.384876,1200
opti_scout,1170.318596,1200
zildjian_soldier,1170.165627,1200
sadgasm_soldier,1170.165627,1200
apody_medic,1170.165627,1200
gubbins_scout,1170.109756,1201.768032
alov_scout,1170.096542,1203.630495
krul_soldier,1170.096542,1203.630495
medico_soldier,1170.020862,1200
sneaky_scout,1170.01888,1200
irppa_scout,1169.922676,1200
admirable_medic,1169.572726,1221.258747
forcestealer_scout,1169.548926,1211.828209
xsephy_soldier,1169.548926,1211.828209
freight_train_soldier,1169.548926,1211.828209
chaaz_demo,1169.548926,1211.828209
thorn_scout,1169.484937,1200
tooth_soldier,1169.484937,1200
topshot_demo,1169.484937,1200
leojan_soldier,1169.453687,1200
antyy_medic,1169.453687,1200
chriz tah fah_demo,1169.433841,1213.719157
drogo_medic,1169.433841,1213.719157
peeb_soldier,1169.403893,1213.481854
kalkin_soldier,1169.403893,1213.481854
bombdigiti_demo,1169.403893,1213.481854
fugazi_soldier,1169.259724,1200
smile_demo,1169.259724,1200
greenrab_medic,1169.259724,1200
flare_scout,1169.199645,1205.667439
t39o_soldier,1169.199645,1205.667439
jd_soldier,1169.199645,1205.667439
manceloot_medic,1169.199645,1205.667439
precious_scout,1169.147261,1200
emgee_demo,1169.147261,1200
stochast1c_scout,1168.993342,1200
june_soldier,1168.993342,1200
smitty_demo,1168.993342,1200
shifta_scout,1168.962188,1200
mu^_scout,1168.937788,1200.350092
etney_soldier,1168.866726,1200
skele_soldier,1168.756713,1202.991051
monsta_scout,1168.522945,1222.559775
sighguy_scout,1168.293438,1200
e-thug_scout,1168.286398,1203.728959
domo_soldier,1168.167174,1200
deox_demo,1168.167174,1200
alv_scout,1168.071905,1200
alx-1_demo,1168.071905,1200
xrod_demo,1168.02431,1202.622261
streep36_soldier,1167.962847,1200
davis_demo,1167.881385,1200
griff_scout,1167.710217,1200
slamborghini_scout,1167.710217,1200
rockster_soldier,1167.710217,1200
nootstook_soldier,1167.710217,1200
blindsfell_demo,1167.710217,1200
finman_medic,1167.710217,1200
scumbag steve_soldier,1167.601642,1200
doge_soldier,1167.320507,1200
rrlucky_soldier,1167.102505,1200
cobra_soldier,1167.102505,1200
pengstah_demo,1167.102505,1200
valen_medic,1167.102505,1200
marik_soldier,1167.05368,1200
yimi_scout,1166.821771,1209.956907
thy_demo,1166.766477,1210.722031
marmaloo_demo,1166.680355,1200
swi_scout,1166.672231,1203.479836
yumppu_scout,1166.452029,1200
phromelo_soldier,1166.411027,1200
damneasy_soldier,1166.263117,1200
split_scout,1166.193261,1200
concrete_soldier,1166.156006,1203.174553
relior_soldier,1166.135992,1206.184547
thun_medic,1166.135992,1206.184547
meyy_soldier,1166.092775,1206.684497
cinnamon_soldier,1166.092775,1206.684497
dreadi_scout,1166.005089,1200
nuthouse_scout,1165.960269,1200
scrab_scout,1165.953769,1223.546452
pyyyour_medic,1165.898066,1274.828796
kryptonite_soldier,1165.64394,1291.684049
samski_scout,1165.529625,1200
tob_scout,1165.412471,1200
eon_soldier,1165.412471,1200
narkkari_demo,1165.412471,1200
row_medic,1165.412471,1200
bonkers_soldier,1165.378208,1200
loafe_soldier,1165.311041,1202.108726
apt_scout,1165.01221,1200
newspeak_scout,1164.985561,1200
cole_medic,1164.985561,1200
yuice_demo,1164.863929,1200
condawg_medic,1164.626572,1200
icewind_scout,1164.373474,1200
racso_scout,1164.373474,1200
foz_demo,1164.373474,1200
enzo_medic,1164.373474,1200
setlet_demo,1164.275224,1218.166249
permzilla_demo,1164.268261,1200
phrakture_demo,1164.263774,1230.126398
razor_scout,1164.10968,1200
mink_medic,1164.10968,1200
yight_soldier,1163.988495,1228.007079
broking_medic,1163.988495,1228.007079
helberg_scout,1163.841602,1200
crizzl_soldier,1163.841602,1200
beater_medic,1163.841602,1200
villdjack_scout,1163.425265,1200
microlash_scout,1163.316632,1200
zoek_scout,1163.316632,1200
pingu_soldier,1163.316632,1200
safrix_demo,1163.295204,1206.374393
olgha_soldier,1163.271958,1200
raf_demo,1163.271958,1200
fribs_scout,1163.159517,1200
whaz_soldier,1163.14956,1208.012986
poo0p_scout,1163.076926,1219.312568
wicked_soldier,1163.076926,1219.312568
warpy_demo,1163.076926,1219.312568
superfly_medic,1163.076926,1219.312568
catfish_scout,1163.003338,1200
jen_soldier,1163.003338,1200
thewiggin_soldier,1163.003338,1200
whitemagic_demo,1163.003338,1200
disturbed_medic,1163.003338,1200
farnsworth_soldier,1162.914981,1203.030802
kig_medic,1162.914981,1203.030802
phantasm_demo,1162.573201,1200
xzr_medic,1162.429211,1200
pharoah_demo,1162.35898,1209.498225
marmaduke_soldier,1162.256761,1200
sano_demo,1161.822168,1200
madmak_medic,1161.822168,1200
steveyjj_soldier,1161.712754,1200
ignis_soldier,1161.560057,1200
justin_scout,1161.496229,1285.439501
emgee_soldier,1161.452327,1200
alder_scout,1161.419069,1200
maelstorm_soldier,1161.419069,1200
megawac_soldier,1161.419069,1200
emkay_medic,1161.419069,1200
yaug_soldier,1161.334661,1210.660569
tristen_soldier,1160.92837,1200
golden_demo,1160.92837,1200
spade_scout,1160.896861,1200
fsct_scout,1160.821718,1200
sash_medic,1160.821718,1200
sleepy_demo,1160.800144,1200
pablo_medic,1160.800144,1200
spamfest_scout,1160.661823,1200
split__medic,1160.661823,1200
percy_soldier,1160.578345,1200
daf_soldier,1160.578345,1200
eldritch_demo,1160.405586,1205.269011
[[esea/season_12/invite/north_america/regular_season_medic,1160.405586,1205.269011
ace_medic,1160.290541,1203.728959
decap_scout,1160.260923,1200
iven_soldier,1160.260923,1200
sage_soldier,1160.260923,1200
yop_demo,1160.260923,1200
greenish_medic,1160.260923,1200
exile_demo,1160.243594,1220.137279
fangles_soldier,1160.214063,1208.662283
benjay_demo,1160.089438,1200
beep_scout,1160.04702,1224.59412
tomato tom_soldier,1159.981805,1200
troy_soldier,1159.921599,1200
linkuser_scout,1159.876468,1231.107273
crouton_scout,1159.800465,1200
wils_scout,1159.749623,1206.881177
signs_scout,1159.610836,1200
s i c k o m o d e_scout,1159.610836,1200
the_agression_soldier,1159.610836,1200
sicko_bamba_soldier,1159.610836,1200
squonk_demo,1159.610836,1200
lepingu_medic,1159.610836,1200
bloodis_scout,1159.498925,1200
magikarp_scout,1159.457733,1200
l\xc3\xb6wenzahn_soldier,1159.457733,1200
humancake_demo,1159.457733,1200
b_fisch_medic,1159.457733,1200
chairuser_soldier,1159.412121,1203.621235
brego_demo,1159.060893,1202.229824
deox_scout,1158.795011,1200
lanzer_scout,1158.791213,1207.615104
grillz_scout,1158.479752,1200
litany_scout,1158.479752,1200
papasmurf_demo,1158.479752,1200
basikmmtxc_medic,1158.479752,1200
crayon_scout,1158.175643,1200
pandemic_scout,1157.978009,1200
ex_scout,1157.861742,1200
tatuwah_scout,1157.859137,1201.569637
vanquish_scout,1157.837161,1200
yauch_soldier,1157.630642,1200
bum_medic,1157.145475,1200
5hush_scout,1156.995694,1200
animus_scout,1156.464417,1202.991051
monsta_soldier,1156.464417,1202.991051
pheaa_demo,1156.121805,1203.278498
omni_demo,1155.762353,1200
guyehhh_demo,1155.742685,1200
bl4nk_medic,1155.281507,1209.545034
pom0_scout,1155.250027,1200
sigmasin_medic,1155.048384,1204.753153
hexerii_scout,1154.961776,1200
quad_scout,1154.811605,1200
dancenumber_scout,1154.49855,1200
#NAME?,1154.49855,1200
rigel_soldier,1154.49855,1200
apathy_soldier,1154.363554,1200
digi_soldier,1153.620659,1200
deadlyseed_scout,1153.426331,1200
triple_scout,1153.390659,1200
mora_scout,1153.390659,1200
sake_soldier,1153.390659,1200
matek_soldier,1153.390659,1200
whip_demo,1153.390659,1200
ko_medic,1153.390659,1200
alexandros_soldier,1153.357169,1200
neo_scout,1153.144608,1200
pauly_scout,1153.021371,1200
phone_scout,1152.91981,1205.792542
fragm3nt3d_medic,1152.197841,1200
warped_scout,1151.469104,1208.290026
phelon_soldier,1151.438944,1258.554648
playgrey_demo,1150.948719,1200
hyper_soldier,1150.896278,1200
dr. awesome_demo,1150.896278,1200
dqz_soldier,1150.610251,1200
mop_soldier,1150.286971,1200
athena_medic,1150.286971,1200
kuestif_demo,1150.091537,1200
percy_scout,1149.940265,1209.255536
pelt_soldier,1149.940265,1209.255536
mc_demo,1149.940265,1209.255536
miwo_medic,1149.897767,1200.537248
ghostac_scout,1149.850047,1200
ether_soldier,1149.579787,1206.559696
thrill_scout,1149.3842,1200
xep_soldier,1149.3842,1200
decimate_demo,1149.3842,1200
ghos7ayama_medic,1149.3842,1200
megawac_scout,1149.267851,1200
loronix_scout,1149.267851,1200
stratovarius_medic,1149.267851,1200
saelot_medic,1148.776397,1218.301063
hannahburger_medic,1148.721927,1200
bradley_scout,1148.664903,1200
air_scout,1148.664903,1200
yong_soldier,1148.664903,1200
encre_demo,1148.664903,1200
snazzy_medic,1148.664903,1200
nation!_soldier,1148.600935,1200
bl4nk_soldier,1148.594124,1235.681943
profix_scout,1148.351169,1200
dagger_soldier,1148.141967,1207.258202
averted_demo,1147.92421,1200.287744
phaser_scout,1147.907489,1200
phife_scout,1147.728307,1217.464496
hibachi_scout,1147.728307,1217.464496
mile_soldier,1147.728307,1217.464496
dougyg_demo,1147.728307,1217.464496
varnu_scout,1147.374579,1200
shaftmetwisted_scout,1147.095622,1207.297901
1ss__soldier,1147.095622,1207.297901
sham__medic,1147.095622,1207.297901
saam_medic,1146.479529,1201.494175
kounaa_demo,1146.350223,1200
saelot_scout,1146.286579,1200
mu^_soldier,1146.286579,1200
fabulous_medic,1146.286579,1200
nomi_demo,1146.129338,1202.991051
grillz_medic,1145.802578,1200
digyb_soldier,1145.518403,1200
bldsre_scout,1145.367055,1243.443619
stamjally_scout,1145.367055,1243.443619
fastfire_soldier,1145.367055,1243.443619
ducky_demo,1145.367055,1243.443619
acecle_scout,1144.55066,1200
yllen_soldier,1144.33428,1200
millie_scout,1143.698792,1200
rick_soldier,1143.29607,1206.351912
kos_soldier,1143.280676,1200
wonszu_soldier,1143.164757,1200
graba_medic,1142.907144,1200
thewiggin_demo,1142.251246,1200
pred_soldier,1142.229745,1206.784513
link_scout,1142.183482,1200
fabulous_scout,1142.183482,1200
reflecto_soldier,1142.183482,1200
shylo_demo,1142.183482,1200
vari_medic,1142.183482,1200
coyo_soldier,1142.128817,1200
zakirll_scout,1142.079722,1200
1ukm_scout,1142.079722,1200
blind_medic,1142.079722,1200
remram_soldier,1141.826145,1200
kaytee_soldier,1141.781682,1208.290026
catfish_soldier,1141.607342,1200
okas_scout,1141.595849,1200
kwazi_scout,1141.595849,1200
shota_soldier,1141.595849,1200
zzephyr_soldier,1141.595849,1200
sizzlingcalamari_demo,1141.595849,1200
spiff_medic,1141.595849,1200
youmustmike_scout,1141.520524,1235.681943
trumpet_soldier,1141.189265,1200
berko_soldier,1140.752898,1200
jaaay_soldier,1139.627085,1205.061315
bape_scout,1137.748811,1208.662283
bwelp_scout,1137.634044,1235.206456
blink_medic,1137.413012,1200
lange_scout,1137.343522,1211.828209
doggles_scout,1136.122806,1200
topshot_scout,1136.122806,1200
thrill_soldier,1136.122806,1200
whiteknight_demo,1136.122806,1200
dirtybird_medic,1136.122806,1200
skye_medic,1136.062816,1244.479175
mopsy_scout,1134.505582,1200
gwendolyn_scout,1134.495081,1209.179583
seanbud_scout,1134.485158,1206.422594
silves_soldier,1133.784184,1200
alec_scout,1133.387682,1218.24218
chaaz_scout,1133.098489,1213.218271
jaybenaduchi_soldier,1130.263812,1200
foster_medic,1130.263812,1200
makk_scout,1129.41362,1200
reigh_medic,1129.41362,1200
d4rbs_medic,1129.236699,1200
seymour_scout,1128.084393,1235.681943
smazza_scout,1127.297889,1200
bird_medic,1127.023155,1200
breathe_scout,1126.74156,1200
gooseman_soldier,1126.432024,1200
dlman_soldier,1124.414925,1200
cb-_medic,1124.414925,1200
charis_medic,1123.904757,1205.061315
twisty_soldier,1123.831207,1200
quid_scout,1123.709571,1200
dubious_scout,1123.690445,1211.609202
okiewaka_soldier,1120.796051,1200
blackgares_soldier,1120.741586,1200
sal_scout,1120.097163,1201.494175
kawa_soldier,1119.923349,1266.691953
milo_soldier,1118.417652,1206.324958
torrit_medic,1117.411946,1206.684497
br0nze_scout,1116.823077,1209.498225
hellbent_soldier,1116.106666,1207.4828
dingo_soldier,1114.520206,1201.494175
unf_demo,1114.280062,1200
lupus_scout,1105.014745,1200
sureshot_soldier,1094.397162,1200
magma_scout,1091.592895,1200
lucrative_medic,1086.595676,1246.786571
puff_soldier,1085.507006,1200
ktb_soldier,1079.994095,1211.723307
mausy_demo,1079.842997,1200
faust_soldier,1074.884345,1200
mopsy_soldier,1074.065729,1200
midas_scout,1073.786714,1207.74073
